OrderID,OrderDate,PostcodeDistrict,AreaGroup,OrderType,Plan,Product,UnitPrice,Quantity,Revenue,DeliverySlot,OnTime,Fulfilled
1,16-03-2025,IG6,Ilford-Redbridge,OneTime,,Immunity Booster Platter,6.65,1,6.65,Evening,Yes,Yes
2,16-03-2025,E12,Stratford-EastHam,OneTime,,Strength & Stamina Platter,6.65,1,6.65,Morning,Yes,Yes
3,16-03-2025,IG2,Ilford-Redbridge,Subscription,Elevate,Elevate,39.75,1,39.75,Morning,Yes,Yes
4,16-03-2025,E13,Stratford-EastHam,OneTime,,Immunity Booster Platter,6.65,1,6.65,Morning,Yes,Yes
5,17-03-2025,E6,Stratford-EastHam,OneTime,,Immunity Booster Platter,6.65,1,6.65,Morning,Yes,Yes
6,17-03-2025,E6,Stratford-EastHam,OneTime,,Immunity Booster Platter,6.65,1,6.65,Morning,No,Yes
7,17-03-2025,E9,Hackney-BethnalGreen,Subscription,Essence,Essence,32.95,1,32.95,Morning,Yes,Yes
8,17-03-2025,E2,Hackney-BethnalGreen,OneTime,,Gut Health & Digestion Friendly Platter,6.65,1,6.65,Morning,Yes,Yes
9,17-03-2025,E3,Docklands,OneTime,,Immunity Booster Platter,6.65,1,6.65,Morning,Yes,Yes
10,17-03-2025,RM8,Barking-Dagenham,OneTime,,Glowing Skin & Healthy Hair Platter,6.65,1,6.65,Evening,Yes,Yes
11,17-03-2025,E10,Stratford-EastHam,Subscription,Everjoy,Everjoy,18.99,1,18.99,Morning,Yes,Yes
12,17-03-2025,E6,Stratford-EastHam,OneTime,,Strength & Stamina Platter,6.65,1,6.65,Evening,Yes,Yes
13,17-03-2025,E3,Docklands,Subscription,Elevate,Elevate,39.75,1,39.75,Evening,Yes,Yes
14,17-03-2025,E11,Stratford-EastHam,Subscription,Elevate,Elevate,39.75,1,39.75,Morning,Yes,Yes
15,18-03-2025,E10,Stratford-EastHam,OneTime,,Immunity Booster Platter,6.65,1,6.65,Morning,Yes,Yes
16,18-03-2025,E11,Stratford-EastHam,OneTime,,Immunity Booster Platter,6.65,1,6.65,Evening,No,Yes
17,18-03-2025,E3,Docklands,OneTime,,Immunity Booster Platter,6.65,1,6.65,Morning,Yes,Yes
18,18-03-2025,RM6,Barking-Dagenham,OneTime,,Strength & Stamina Platter,6.65,1,6.65,Morning,Yes,Yes
19,18-03-2025,E14,Docklands,OneTime,,Hydration & Refreshment Platter,6.65,1,6.65,Morning,Yes,Yes
20,18-03-2025,E9,Hackney-BethnalGreen,OneTime,,Glowing Skin & Healthy Hair Platter,6.65,1,6.65,Morning,Yes,Yes
21,18-03-2025,E3,Docklands,Subscription,Essence,Essence,32.95,1,32.95,Morning,Yes,Yes
22,19-03-2025,E3,Docklands,OneTime,,Gut Health & Digestion Friendly Platter,6.65,1,6.65,Morning,Yes,Yes
23,19-03-2025,E6,Stratford-EastHam,OneTime,,Hydration & Refreshment Platter,6.65,1,6.65,Morning,Yes,Yes
24,19-03-2025,IG11,Ilford-Redbridge,Subscription,Essence,Essence,32.95,1,32.95,Morning,Yes,Yes
25,19-03-2025,IG6,Ilford-Redbridge,OneTime,,Glowing Skin & Healthy Hair Platter,6.65,1,6.65,Morning,Yes,Yes
26,19-03-2025,E16,Docklands,OneTime,,Immunity Booster Platter,6.65,1,6.65,Morning,Yes,Yes
27,19-03-2025,IG1,Ilford-Redbridge,OneTime,,Immunity Booster Platter,6.65,1,6.65,Morning,Yes,Yes
28,19-03-2025,IG6,Ilford-Redbridge,OneTime,,Immunity Booster Platter,6.65,1,6.65,Morning,Yes,Yes
29,19-03-2025,IG11,Ilford-Redbridge,Subscription,Elevate,Elevate,39.75,1,39.75,Morning,Yes,Yes
30,19-03-2025,E14,Docklands,OneTime,,Hydration & Refreshment Platter,6.65,1,6.65,Morning,Yes,Yes
31,20-03-2025,IG1,Ilford-Redbridge,OneTime,,Heart-Healthy & Vitality Platter,6.65,1,6.65,Morning,Yes,Yes
32,20-03-2025,E1,Docklands,Subscription,Essence,Essence,32.95,1,32.95,Morning,Yes,Yes
33,20-03-2025,E10,Stratford-EastHam,OneTime,,Strength & Stamina Platter,6.65,1,6.65,Morning,Yes,Yes
34,20-03-2025,E8,Hackney-BethnalGreen,Subscription,Essence,Essence,32.95,1,32.95,Evening,Yes,Yes
35,20-03-2025,IG11,Ilford-Redbridge,Subscription,Essence,Essence,32.95,1,32.95,Morning,Yes,Yes
36,20-03-2025,E14,Docklands,OneTime,,Heart-Healthy & Vitality Platter,6.65,1,6.65,Morning,No,Yes
37,20-03-2025,IG11,Ilford-Redbridge,Subscription,Everjoy,Everjoy,18.99,1,18.99,Morning,Yes,Yes
38,20-03-2025,IG2,Ilford-Redbridge,OneTime,,Hydration & Refreshment Platter,6.65,1,6.65,Morning,Yes,Yes
39,20-03-2025,E3,Docklands,OneTime,,Heart-Healthy & Vitality Platter,6.65,1,6.65,Morning,Yes,Yes
40,20-03-2025,E1,Docklands,OneTime,,Immunity Booster Platter,6.65,1,6.65,Evening,Yes,Yes
41,20-03-2025,IG1,Ilford-Redbridge,OneTime,,Strength & Stamina Platter,6.65,1,6.65,Evening,Yes,Yes
42,20-03-2025,IG3,Ilford-Redbridge,OneTime,,Glowing Skin & Healthy Hair Platter,6.65,1,6.65,Morning,Yes,Yes
43,20-03-2025,E9,Hackney-BethnalGreen,Subscription,Everjoy,Everjoy,18.99,1,18.99,Morning,Yes,Yes
44,20-03-2025,IG1,Ilford-Redbridge,Subscription,Essence,Essence,32.95,1,32.95,Morning,Yes,Yes
45,21-03-2025,E3,Docklands,OneTime,,Hydration & Refreshment Platter,6.65,1,6.65,Morning,No,Yes
46,21-03-2025,E6,Stratford-EastHam,OneTime,,Glowing Skin & Healthy Hair Platter,6.65,1,6.65,Evening,Yes,Yes
47,21-03-2025,IG1,Ilford-Redbridge,OneTime,,Gut Health & Digestion Friendly Platter,6.65,1,6.65,Morning,Yes,Yes
48,21-03-2025,E13,Stratford-EastHam,OneTime,,Hydration & Refreshment Platter,6.65,1,6.65,Morning,Yes,Yes
49,21-03-2025,RM6,Barking-Dagenham,OneTime,,Glowing Skin & Healthy Hair Platter,6.65,1,6.65,Morning,Yes,Yes
50,21-03-2025,E13,Stratford-EastHam,OneTime,,Heart-Healthy & Vitality Platter,6.65,1,6.65,Morning,Yes,Yes
51,21-03-2025,E3,Docklands,OneTime,,Immunity Booster Platter,6.65,1,6.65,Morning,Yes,Yes
52,21-03-2025,E10,Stratford-EastHam,OneTime,,Hydration & Refreshment Platter,6.65,1,6.65,Morning,Yes,Yes
53,22-03-2025,E13,Stratford-EastHam,OneTime,,Immunity Booster Platter,6.65,1,6.65,Morning,Yes,Yes
54,22-03-2025,E11,Stratford-EastHam,OneTime,,Hydration & Refreshment Platter,6.65,1,6.65,Morning,Yes,Yes
55,22-03-2025,E7,Stratford-EastHam,Subscription,Essence,Essence,32.95,1,32.95,Morning,No,Yes
56,22-03-2025,E13,Stratford-EastHam,Subscription,Essence,Essence,32.95,1,32.95,Morning,No,Yes
57,22-03-2025,RM8,Barking-Dagenham,OneTime,,Heart-Healthy & Vitality Platter,6.65,1,6.65,Morning,No,Yes
58,22-03-2025,IG3,Ilford-Redbridge,OneTime,,Heart-Healthy & Vitality Platter,6.65,1,6.65,Morning,Yes,Yes
59,22-03-2025,IG4,Ilford-Redbridge,OneTime,,Heart-Healthy & Vitality Platter,6.65,1,6.65,Morning,Yes,Yes
60,22-03-2025,E13,Stratford-EastHam,OneTime,,Immunity Booster Platter,6.65,1,6.65,Morning,Yes,Yes
61,23-03-2025,E2,Hackney-BethnalGreen,OneTime,,Immunity Booster Platter,6.65,1,6.65,Morning,Yes,Yes
62,23-03-2025,E16,Docklands,OneTime,,Glowing Skin & Healthy Hair Platter,6.65,1,6.65,Morning,No,Yes
63,23-03-2025,IG11,Ilford-Redbridge,OneTime,,Gut Health & Digestion Friendly Platter,6.65,1,6.65,Morning,No,Yes
64,23-03-2025,RM6,Barking-Dagenham,OneTime,,Gut Health & Digestion Friendly Platter,6.65,1,6.65,Evening,No,Yes
65,24-03-2025,IG2,Ilford-Redbridge,Subscription,Elevate,Elevate,39.75,1,39.75,Morning,Yes,Yes
66,24-03-2025,E7,Stratford-EastHam,OneTime,,Immunity Booster Platter,6.65,1,6.65,Morning,Yes,Yes
67,24-03-2025,IG6,Ilford-Redbridge,OneTime,,Strength & Stamina Platter,6.65,1,6.65,Morning,Yes,Yes
68,24-03-2025,E13,Stratford-EastHam,OneTime,,Strength & Stamina Platter,6.65,1,6.65,Morning,Yes,Yes
69,24-03-2025,IG6,Ilford-Redbridge,OneTime,,Immunity Booster Platter,6.65,1,6.65,Morning,Yes,Yes
70,24-03-2025,E10,Stratford-EastHam,OneTime,,Strength & Stamina Platter,6.65,1,6.65,Evening,Yes,Yes
71,25-03-2025,IG11,Ilford-Redbridge,Subscription,Elevate,Elevate,39.75,1,39.75,Morning,Yes,Yes
72,25-03-2025,E14,Docklands,OneTime,,Hydration & Refreshment Platter,6.65,1,6.65,Morning,Yes,Yes
73,25-03-2025,IG6,Ilford-Redbridge,OneTime,,Strength & Stamina Platter,6.65,1,6.65,Morning,Yes,Yes
74,25-03-2025,E16,Docklands,OneTime,,Heart-Healthy & Vitality Platter,6.65,1,6.65,Morning,Yes,Yes
75,25-03-2025,IG2,Ilford-Redbridge,OneTime,,Strength & Stamina Platter,6.65,1,6.65,Evening,Yes,Yes
76,25-03-2025,E3,Docklands,Subscription,Essence,Essence,32.95,1,32.95,Evening,Yes,Yes
77,25-03-2025,RM8,Barking-Dagenham,Subscription,Elevate,Elevate,39.75,1,39.75,Morning,Yes,Yes
78,25-03-2025,E16,Docklands,Subscription,Everjoy,Everjoy,18.99,1,18.99,Morning,Yes,Yes
79,26-03-2025,E16,Docklands,Subscription,Elevate,Elevate,39.75,1,39.75,Evening,Yes,Yes
80,26-03-2025,E10,Stratford-EastHam,OneTime,,Gut Health & Digestion Friendly Platter,6.65,1,6.65,Evening,Yes,Yes
81,26-03-2025,E14,Docklands,Subscription,Elevate,Elevate,39.75,1,39.75,Morning,No,Yes
82,26-03-2025,E14,Docklands,OneTime,,Immunity Booster Platter,6.65,1,6.65,Morning,Yes,Yes
83,26-03-2025,RM6,Barking-Dagenham,OneTime,,Hydration & Refreshment Platter,6.65,1,6.65,Morning,No,Yes
84,26-03-2025,E1,Docklands,OneTime,,Gut Health & Digestion Friendly Platter,6.65,1,6.65,Morning,Yes,Yes
85,26-03-2025,RM9,Barking-Dagenham,OneTime,,Heart-Healthy & Vitality Platter,6.65,1,6.65,Morning,Yes,Yes
86,26-03-2025,E12,Stratford-EastHam,OneTime,,Glowing Skin & Healthy Hair Platter,6.65,1,6.65,Morning,Yes,Yes
87,26-03-2025,E14,Docklands,Subscription,Essence,Essence,32.95,1,32.95,Morning,Yes,Yes
88,27-03-2025,E9,Hackney-BethnalGreen,OneTime,,Strength & Stamina Platter,6.65,1,6.65,Morning,Yes,Yes
89,27-03-2025,E2,Hackney-BethnalGreen,OneTime,,Gut Health & Digestion Friendly Platter,6.65,1,6.65,Morning,Yes,Yes
90,27-03-2025,IG4,Ilford-Redbridge,Subscription,Essence,Essence,32.95,1,32.95,Morning,Yes,Yes
91,27-03-2025,E11,Stratford-EastHam,Subscription,Essence,Essence,32.95,1,32.95,Evening,Yes,Yes
92,27-03-2025,E1,Docklands,Subscription,Elevate,Elevate,39.75,1,39.75,Morning,Yes,Yes
93,27-03-2025,E11,Stratford-EastHam,Subscription,Essence,Essence,32.95,1,32.95,Morning,Yes,Yes
94,27-03-2025,E13,Stratford-EastHam,Subscription,Essence,Essence,32.95,1,32.95,Morning,Yes,Yes
95,27-03-2025,E9,Hackney-BethnalGreen,OneTime,,Gut Health & Digestion Friendly Platter,6.65,1,6.65,Evening,Yes,Yes
96,27-03-2025,IG3,Ilford-Redbridge,OneTime,,Glowing Skin & Healthy Hair Platter,6.65,1,6.65,Morning,Yes,Yes
97,27-03-2025,E10,Stratford-EastHam,OneTime,,Immunity Booster Platter,6.65,1,6.65,Morning,Yes,Yes
98,28-03-2025,IG11,Ilford-Redbridge,Subscription,Elevate,Elevate,39.75,1,39.75,Morning,Yes,Yes
99,28-03-2025,E6,Stratford-EastHam,OneTime,,Heart-Healthy & Vitality Platter,6.65,1,6.65,Morning,Yes,Yes
100,28-03-2025,E12,Stratford-EastHam,Subscription,Elevate,Elevate,39.75,1,39.75,Morning,Yes,Yes
101,28-03-2025,E8,Hackney-BethnalGreen,OneTime,,Immunity Booster Platter,6.65,1,6.65,Morning,Yes,Yes
102,28-03-2025,E1,Docklands,Subscription,Essence,Essence,32.95,1,32.95,Morning,Yes,Yes
103,28-03-2025,IG2,Ilford-Redbridge,OneTime,,Hydration & Refreshment Platter,6.65,1,6.65,Morning,Yes,Yes
104,28-03-2025,RM9,Barking-Dagenham,Subscription,Elevate,Elevate,39.75,1,39.75,Morning,Yes,Yes
105,29-03-2025,IG4,Ilford-Redbridge,OneTime,,Immunity Booster Platter,6.65,1,6.65,Morning,Yes,Yes
106,29-03-2025,E3,Docklands,Subscription,Everjoy,Everjoy,18.99,1,18.99,Morning,Yes,Yes
107,29-03-2025,E9,Hackney-BethnalGreen,OneTime,,Strength & Stamina Platter,6.65,1,6.65,Morning,Yes,Yes
108,29-03-2025,E8,Hackney-BethnalGreen,Subscription,Elevate,Elevate,39.75,1,39.75,Morning,Yes,Yes
109,30-03-2025,E1,Docklands,Subscription,Essence,Essence,32.95,1,32.95,Evening,Yes,Yes
110,30-03-2025,IG6,Ilford-Redbridge,OneTime,,Immunity Booster Platter,6.65,1,6.65,Morning,Yes,Yes
111,30-03-2025,RM9,Barking-Dagenham,OneTime,,Hydration & Refreshment Platter,6.65,1,6.65,Morning,Yes,Yes
112,30-03-2025,IG4,Ilford-Redbridge,Subscription,Elevate,Elevate,39.75,1,39.75,Morning,Yes,Yes
113,30-03-2025,IG11,Ilford-Redbridge,Subscription,Essence,Essence,32.95,1,32.95,Morning,Yes,Yes
114,30-03-2025,E16,Docklands,Subscription,Everjoy,Everjoy,18.99,1,18.99,Morning,Yes,Yes
115,31-03-2025,E3,Docklands,OneTime,,Strength & Stamina Platter,6.65,1,6.65,Morning,Yes,Yes
116,31-03-2025,E2,Hackney-BethnalGreen,OneTime,,Hydration & Refreshment Platter,6.65,1,6.65,Morning,Yes,Yes
117,31-03-2025,E11,Stratford-EastHam,OneTime,,Hydration & Refreshment Platter,6.65,1,6.65,Morning,Yes,Yes
118,31-03-2025,E7,Stratford-EastHam,OneTime,,Heart-Healthy & Vitality Platter,6.65,1,6.65,Morning,Yes,Yes
119,31-03-2025,E16,Docklands,OneTime,,Gut Health & Digestion Friendly Platter,6.65,1,6.65,Morning,Yes,Yes
120,31-03-2025,E16,Docklands,OneTime,,Heart-Healthy & Vitality Platter,6.65,1,6.65,Morning,Yes,Yes
121,31-03-2025,E9,Hackney-BethnalGreen,OneTime,,Hydration & Refreshment Platter,6.65,1,6.65,Morning,Yes,Yes
122,31-03-2025,E14,Docklands,Subscription,Essence,Essence,32.95,1,32.95,Morning,Yes,Yes
123,31-03-2025,E11,Stratford-EastHam,Subscription,Elevate,Elevate,39.75,1,39.75,Morning,Yes,Yes
124,31-03-2025,RM9,Barking-Dagenham,Subscription,Everjoy,Everjoy,18.99,1,18.99,Morning,Yes,Yes
125,31-03-2025,E10,Stratford-EastHam,Subscription,Elevate,Elevate,39.75,1,39.75,Evening,Yes,Yes
126,31-03-2025,E14,Docklands,Subscription,Essence,Essence,32.95,1,32.95,Morning,Yes,Yes
127,01-04-2025,E16,Docklands,OneTime,,Immunity Booster Platter,6.65,1,6.65,Morning,Yes,Yes
128,01-04-2025,E13,Stratford-EastHam,OneTime,,Glowing Skin & Healthy Hair Platter,6.65,1,6.65,Morning,Yes,Yes
129,01-04-2025,IG3,Ilford-Redbridge,Subscription,Elevate,Elevate,39.75,1,39.75,Morning,Yes,Yes
130,01-04-2025,E11,Stratford-EastHam,OneTime,,Strength & Stamina Platter,6.65,1,6.65,Morning,Yes,Yes
131,01-04-2025,E6,Stratford-EastHam,Subscription,Essence,Essence,32.95,1,32.95,Morning,Yes,Yes
132,01-04-2025,E1,Docklands,OneTime,,Glowing Skin & Healthy Hair Platter,6.65,1,6.65,Morning,Yes,Yes
133,02-04-2025,IG6,Ilford-Redbridge,Subscription,Essence,Essence,32.95,1,32.95,Evening,Yes,Yes
134,02-04-2025,E3,Docklands,OneTime,,Immunity Booster Platter,6.65,1,6.65,Morning,Yes,Yes
135,02-04-2025,E10,Stratford-EastHam,OneTime,,Strength & Stamina Platter,6.65,1,6.65,Morning,Yes,Yes
136,02-04-2025,E8,Hackney-BethnalGreen,OneTime,,Gut Health & Digestion Friendly Platter,6.65,1,6.65,Morning,Yes,Yes
137,02-04-2025,E12,Stratford-EastHam,OneTime,,Glowing Skin & Healthy Hair Platter,6.65,1,6.65,Morning,Yes,Yes
138,02-04-2025,E12,Stratford-EastHam,OneTime,,Hydration & Refreshment Platter,6.65,1,6.65,Morning,Yes,Yes
139,02-04-2025,IG1,Ilford-Redbridge,OneTime,,Strength & Stamina Platter,6.65,1,6.65,Morning,Yes,Yes
140,03-04-2025,E2,Hackney-BethnalGreen,Subscription,Essence,Essence,32.95,1,32.95,Evening,Yes,Yes
141,03-04-2025,RM6,Barking-Dagenham,OneTime,,Immunity Booster Platter,6.65,1,6.65,Morning,No,Yes
142,03-04-2025,IG6,Ilford-Redbridge,OneTime,,Gut Health & Digestion Friendly Platter,6.65,1,6.65,Morning,Yes,Yes
143,03-04-2025,E1,Docklands,OneTime,,Strength & Stamina Platter,6.65,1,6.65,Morning,Yes,Yes
144,03-04-2025,E10,Stratford-EastHam,OneTime,,Immunity Booster Platter,6.65,1,6.65,Evening,Yes,Yes
145,03-04-2025,E10,Stratford-EastHam,OneTime,,Gut Health & Digestion Friendly Platter,6.65,1,6.65,Morning,No,Yes
146,03-04-2025,E7,Stratford-EastHam,OneTime,,Strength & Stamina Platter,6.65,1,6.65,Morning,Yes,Yes
147,03-04-2025,E8,Hackney-BethnalGreen,OneTime,,Strength & Stamina Platter,6.65,1,6.65,Morning,Yes,Yes
148,03-04-2025,RM6,Barking-Dagenham,OneTime,,Hydration & Refreshment Platter,6.65,1,6.65,Morning,Yes,Yes
149,03-04-2025,E16,Docklands,Subscription,Elevate,Elevate,39.75,1,39.75,Morning,Yes,Yes
150,03-04-2025,E11,Stratford-EastHam,OneTime,,Gut Health & Digestion Friendly Platter,6.65,1,6.65,Evening,Yes,Yes
151,03-04-2025,E2,Hackney-BethnalGreen,OneTime,,Immunity Booster Platter,6.65,1,6.65,Morning,Yes,Yes
152,04-04-2025,E3,Docklands,OneTime,,Hydration & Refreshment Platter,6.65,1,6.65,Morning,Yes,Yes
153,04-04-2025,E13,Stratford-EastHam,OneTime,,Strength & Stamina Platter,6.65,1,6.65,Morning,Yes,Yes
154,04-04-2025,E8,Hackney-BethnalGreen,Subscription,Elevate,Elevate,39.75,1,39.75,Evening,Yes,Yes
155,05-04-2025,E10,Stratford-EastHam,OneTime,,Gut Health & Digestion Friendly Platter,6.65,1,6.65,Morning,Yes,Yes
156,05-04-2025,E16,Docklands,Subscription,Elevate,Elevate,39.75,1,39.75,Evening,Yes,Yes
157,05-04-2025,E14,Docklands,Subscription,Essence,Essence,32.95,1,32.95,Evening,Yes,Yes
158,05-04-2025,IG1,Ilford-Redbridge,OneTime,,Hydration & Refreshment Platter,6.65,1,6.65,Morning,Yes,Yes
159,05-04-2025,E8,Hackney-BethnalGreen,Subscription,Elevate,Elevate,39.75,1,39.75,Morning,Yes,Yes
160,05-04-2025,RM6,Barking-Dagenham,OneTime,,Hydration & Refreshment Platter,6.65,1,6.65,Morning,Yes,Yes
161,05-04-2025,E12,Stratford-EastHam,Subscription,Essence,Essence,32.95,1,32.95,Morning,Yes,Yes
162,05-04-2025,RM6,Barking-Dagenham,OneTime,,Heart-Healthy & Vitality Platter,6.65,1,6.65,Morning,Yes,Yes
163,06-04-2025,IG6,Ilford-Redbridge,Subscription,Elevate,Elevate,39.75,1,39.75,Morning,Yes,Yes
164,06-04-2025,RM9,Barking-Dagenham,Subscription,Essence,Essence,32.95,1,32.95,Morning,Yes,Yes
165,06-04-2025,IG1,Ilford-Redbridge,OneTime,,Strength & Stamina Platter,6.65,1,6.65,Morning,No,Yes
166,06-04-2025,E8,Hackney-BethnalGreen,OneTime,,Glowing Skin & Healthy Hair Platter,6.65,1,6.65,Morning,Yes,Yes
167,06-04-2025,E14,Docklands,OneTime,,Immunity Booster Platter,6.65,1,6.65,Morning,Yes,Yes
168,06-04-2025,RM6,Barking-Dagenham,OneTime,,Hydration & Refreshment Platter,6.65,1,6.65,Morning,Yes,Yes
169,06-04-2025,E12,Stratford-EastHam,OneTime,,Strength & Stamina Platter,6.65,1,6.65,Morning,Yes,Yes
170,06-04-2025,IG4,Ilford-Redbridge,OneTime,,Immunity Booster Platter,6.65,1,6.65,Evening,Yes,Yes
171,06-04-2025,E11,Stratford-EastHam,OneTime,,Glowing Skin & Healthy Hair Platter,6.65,1,6.65,Morning,Yes,Yes
172,06-04-2025,IG3,Ilford-Redbridge,Subscription,Elevate,Elevate,39.75,1,39.75,Morning,Yes,Yes
173,06-04-2025,E6,Stratford-EastHam,OneTime,,Immunity Booster Platter,6.65,1,6.65,Morning,No,Yes
174,06-04-2025,E3,Docklands,Subscription,Everjoy,Everjoy,18.99,1,18.99,Morning,Yes,Yes
175,06-04-2025,IG11,Ilford-Redbridge,OneTime,,Heart-Healthy & Vitality Platter,6.65,1,6.65,Morning,Yes,Yes
176,07-04-2025,IG3,Ilford-Redbridge,Subscription,Essence,Essence,32.95,1,32.95,Morning,Yes,Yes
177,07-04-2025,IG11,Ilford-Redbridge,OneTime,,Hydration & Refreshment Platter,6.65,1,6.65,Morning,Yes,Yes
178,07-04-2025,IG11,Ilford-Redbridge,OneTime,,Gut Health & Digestion Friendly Platter,6.65,1,6.65,Morning,Yes,Yes
179,07-04-2025,IG4,Ilford-Redbridge,OneTime,,Glowing Skin & Healthy Hair Platter,6.65,1,6.65,Morning,Yes,Yes
180,07-04-2025,IG4,Ilford-Redbridge,Subscription,Elevate,Elevate,39.75,1,39.75,Morning,Yes,Yes
181,07-04-2025,E10,Stratford-EastHam,Subscription,Essence,Essence,32.95,1,32.95,Evening,Yes,Yes
182,08-04-2025,E1,Docklands,OneTime,,Immunity Booster Platter,6.65,1,6.65,Morning,Yes,Yes
183,08-04-2025,E9,Hackney-BethnalGreen,Subscription,Everjoy,Everjoy,18.99,1,18.99,Morning,No,Yes
184,08-04-2025,RM9,Barking-Dagenham,Subscription,Elevate,Elevate,39.75,1,39.75,Morning,Yes,Yes
185,08-04-2025,IG4,Ilford-Redbridge,Subscription,Elevate,Elevate,39.75,1,39.75,Morning,Yes,Yes
186,08-04-2025,E7,Stratford-EastHam,Subscription,Essence,Essence,32.95,1,32.95,Morning,Yes,Yes
187,08-04-2025,E3,Docklands,OneTime,,Glowing Skin & Healthy Hair Platter,6.65,1,6.65,Morning,Yes,Yes
188,08-04-2025,IG6,Ilford-Redbridge,Subscription,Elevate,Elevate,39.75,1,39.75,Morning,No,Yes
189,08-04-2025,E10,Stratford-EastHam,OneTime,,Strength & Stamina Platter,6.65,1,6.65,Morning,Yes,Yes
190,09-04-2025,E13,Stratford-EastHam,OneTime,,Gut Health & Digestion Friendly Platter,6.65,1,6.65,Morning,Yes,Yes
191,09-04-2025,IG3,Ilford-Redbridge,OneTime,,Strength & Stamina Platter,6.65,1,6.65,Morning,Yes,Yes
192,09-04-2025,IG2,Ilford-Redbridge,OneTime,,Strength & Stamina Platter,6.65,1,6.65,Evening,Yes,Yes
193,09-04-2025,RM9,Barking-Dagenham,Subscription,Everjoy,Everjoy,18.99,1,18.99,Morning,Yes,Yes
194,09-04-2025,E11,Stratford-EastHam,OneTime,,Hydration & Refreshment Platter,6.65,1,6.65,Morning,Yes,Yes
195,09-04-2025,IG1,Ilford-Redbridge,OneTime,,Heart-Healthy & Vitality Platter,6.65,1,6.65,Morning,No,Yes
196,09-04-2025,E14,Docklands,OneTime,,Hydration & Refreshment Platter,6.65,1,6.65,Morning,Yes,Yes
197,09-04-2025,E6,Stratford-EastHam,OneTime,,Immunity Booster Platter,6.65,1,6.65,Evening,Yes,Yes
198,09-04-2025,IG6,Ilford-Redbridge,OneTime,,Heart-Healthy & Vitality Platter,6.65,1,6.65,Morning,Yes,Yes
199,09-04-2025,E12,Stratford-EastHam,Subscription,Everjoy,Everjoy,18.99,1,18.99,Morning,Yes,Yes
200,09-04-2025,E10,Stratford-EastHam,OneTime,,Strength & Stamina Platter,6.65,1,6.65,Morning,Yes,Yes
201,09-04-2025,IG1,Ilford-Redbridge,OneTime,,Gut Health & Digestion Friendly Platter,6.65,1,6.65,Morning,Yes,Yes
202,10-04-2025,E11,Stratford-EastHam,OneTime,,Heart-Healthy & Vitality Platter,6.65,1,6.65,Morning,No,Yes
203,10-04-2025,E1,Docklands,OneTime,,Hydration & Refreshment Platter,6.65,1,6.65,Morning,Yes,Yes
204,10-04-2025,E16,Docklands,OneTime,,Glowing Skin & Healthy Hair Platter,6.65,1,6.65,Morning,Yes,Yes
205,10-04-2025,E11,Stratford-EastHam,OneTime,,Heart-Healthy & Vitality Platter,6.65,1,6.65,Evening,Yes,Yes
206,10-04-2025,E3,Docklands,OneTime,,Hydration & Refreshment Platter,6.65,1,6.65,Morning,Yes,Yes
207,11-04-2025,E1,Docklands,OneTime,,Immunity Booster Platter,6.65,1,6.65,Morning,Yes,Yes
208,11-04-2025,IG3,Ilford-Redbridge,OneTime,,Heart-Healthy & Vitality Platter,6.65,1,6.65,Morning,Yes,Yes
209,11-04-2025,E16,Docklands,OneTime,,Gut Health & Digestion Friendly Platter,6.65,1,6.65,Morning,Yes,Yes
210,11-04-2025,E9,Hackney-BethnalGreen,OneTime,,Heart-Healthy & Vitality Platter,6.65,1,6.65,Morning,Yes,Yes
211,11-04-2025,E1,Docklands,Subscription,Elevate,Elevate,39.75,1,39.75,Morning,Yes,Yes
212,11-04-2025,E13,Stratford-EastHam,OneTime,,Gut Health & Digestion Friendly Platter,6.65,1,6.65,Evening,Yes,Yes
213,11-04-2025,IG4,Ilford-Redbridge,OneTime,,Heart-Healthy & Vitality Platter,6.65,1,6.65,Morning,Yes,Yes
214,11-04-2025,E9,Hackney-BethnalGreen,OneTime,,Heart-Healthy & Vitality Platter,6.65,1,6.65,Evening,Yes,Yes
215,12-04-2025,IG1,Ilford-Redbridge,OneTime,,Glowing Skin & Healthy Hair Platter,6.65,1,6.65,Evening,No,Yes
216,12-04-2025,IG2,Ilford-Redbridge,OneTime,,Gut Health & Digestion Friendly Platter,6.65,1,6.65,Morning,Yes,Yes
217,12-04-2025,E1,Docklands,OneTime,,Hydration & Refreshment Platter,6.65,1,6.65,Morning,Yes,Yes
218,12-04-2025,IG6,Ilford-Redbridge,OneTime,,Strength & Stamina Platter,6.65,1,6.65,Morning,Yes,Yes
219,12-04-2025,IG2,Ilford-Redbridge,Subscription,Everjoy,Everjoy,18.99,1,18.99,Evening,Yes,Yes
220,12-04-2025,E12,Stratford-EastHam,Subscription,Elevate,Elevate,39.75,1,39.75,Evening,Yes,Yes
221,12-04-2025,E9,Hackney-BethnalGreen,OneTime,,Immunity Booster Platter,6.65,1,6.65,Morning,Yes,Yes
222,12-04-2025,E12,Stratford-EastHam,OneTime,,Strength & Stamina Platter,6.65,1,6.65,Morning,Yes,Yes
223,12-04-2025,E1,Docklands,OneTime,,Immunity Booster Platter,6.65,1,6.65,Morning,Yes,Yes
224,12-04-2025,E10,Stratford-EastHam,Subscription,Everjoy,Everjoy,18.99,1,18.99,Morning,Yes,Yes
225,13-04-2025,E10,Stratford-EastHam,Subscription,Essence,Essence,32.95,1,32.95,Morning,Yes,Yes
226,13-04-2025,E12,Stratford-EastHam,Subscription,Elevate,Elevate,39.75,1,39.75,Morning,Yes,Yes
227,13-04-2025,E3,Docklands,OneTime,,Immunity Booster Platter,6.65,1,6.65,Morning,Yes,Yes
228,13-04-2025,IG11,Ilford-Redbridge,OneTime,,Immunity Booster Platter,6.65,1,6.65,Morning,Yes,Yes
229,13-04-2025,E7,Stratford-EastHam,OneTime,,Gut Health & Digestion Friendly Platter,6.65,1,6.65,Morning,Yes,Yes
230,13-04-2025,E1,Docklands,Subscription,Elevate,Elevate,39.75,1,39.75,Morning,Yes,Yes
231,13-04-2025,E6,Stratford-EastHam,OneTime,,Hydration & Refreshment Platter,6.65,1,6.65,Morning,Yes,Yes
232,13-04-2025,E6,Stratford-EastHam,Subscription,Essence,Essence,32.95,1,32.95,Morning,Yes,Yes
233,13-04-2025,E9,Hackney-BethnalGreen,OneTime,,Immunity Booster Platter,6.65,1,6.65,Evening,Yes,Yes
234,14-04-2025,E16,Docklands,Subscription,Everjoy,Everjoy,18.99,1,18.99,Morning,Yes,Yes
235,14-04-2025,E16,Docklands,OneTime,,Strength & Stamina Platter,6.65,1,6.65,Morning,Yes,Yes
236,14-04-2025,E7,Stratford-EastHam,Subscription,Essence,Essence,32.95,1,32.95,Morning,Yes,Yes
237,14-04-2025,E12,Stratford-EastHam,OneTime,,Gut Health & Digestion Friendly Platter,6.65,1,6.65,Morning,Yes,Yes
238,14-04-2025,E10,Stratford-EastHam,OneTime,,Strength & Stamina Platter,6.65,1,6.65,Morning,Yes,Yes
239,14-04-2025,E8,Hackney-BethnalGreen,Subscription,Everjoy,Everjoy,18.99,1,18.99,Morning,Yes,Yes
240,14-04-2025,E1,Docklands,Subscription,Elevate,Elevate,39.75,1,39.75,Morning,Yes,Yes
241,15-04-2025,E7,Stratford-EastHam,OneTime,,Gut Health & Digestion Friendly Platter,6.65,1,6.65,Morning,Yes,Yes
242,15-04-2025,RM8,Barking-Dagenham,OneTime,,Hydration & Refreshment Platter,6.65,1,6.65,Morning,Yes,Yes
243,15-04-2025,RM9,Barking-Dagenham,Subscription,Essence,Essence,32.95,1,32.95,Morning,Yes,Yes
244,15-04-2025,IG11,Ilford-Redbridge,OneTime,,Strength & Stamina Platter,6.65,1,6.65,Morning,Yes,Yes
245,15-04-2025,IG3,Ilford-Redbridge,OneTime,,Heart-Healthy & Vitality Platter,6.65,1,6.65,Morning,Yes,Yes
246,16-04-2025,E12,Stratford-EastHam,OneTime,,Glowing Skin & Healthy Hair Platter,6.65,1,6.65,Evening,Yes,Yes
247,16-04-2025,IG3,Ilford-Redbridge,OneTime,,Heart-Healthy & Vitality Platter,6.65,1,6.65,Morning,Yes,Yes
248,16-04-2025,E16,Docklands,OneTime,,Glowing Skin & Healthy Hair Platter,6.65,1,6.65,Morning,Yes,Yes
249,16-04-2025,E8,Hackney-BethnalGreen,OneTime,,Gut Health & Digestion Friendly Platter,6.65,1,6.65,Morning,Yes,Yes
250,16-04-2025,IG4,Ilford-Redbridge,Subscription,Essence,Essence,32.95,1,32.95,Morning,Yes,Yes
251,16-04-2025,IG11,Ilford-Redbridge,OneTime,,Glowing Skin & Healthy Hair Platter,6.65,1,6.65,Morning,Yes,Yes
252,16-04-2025,E10,Stratford-EastHam,Subscription,Everjoy,Everjoy,18.99,1,18.99,Evening,Yes,Yes
253,16-04-2025,E7,Stratford-EastHam,Subscription,Essence,Essence,32.95,1,32.95,Morning,Yes,Yes
254,17-04-2025,E14,Docklands,Subscription,Everjoy,Everjoy,18.99,1,18.99,Morning,Yes,Yes
255,17-04-2025,E3,Docklands,OneTime,,Heart-Healthy & Vitality Platter,6.65,1,6.65,Morning,No,Yes
256,17-04-2025,E14,Docklands,Subscription,Everjoy,Everjoy,18.99,1,18.99,Morning,Yes,Yes
257,17-04-2025,E9,Hackney-BethnalGreen,OneTime,,Heart-Healthy & Vitality Platter,6.65,1,6.65,Morning,Yes,Yes
258,17-04-2025,RM8,Barking-Dagenham,Subscription,Elevate,Elevate,39.75,1,39.75,Morning,Yes,Yes
259,17-04-2025,E12,Stratford-EastHam,OneTime,,Gut Health & Digestion Friendly Platter,6.65,1,6.65,Morning,Yes,Yes
260,17-04-2025,IG4,Ilford-Redbridge,Subscription,Everjoy,Everjoy,18.99,1,18.99,Morning,Yes,Yes
261,18-04-2025,IG11,Ilford-Redbridge,OneTime,,Immunity Booster Platter,6.65,1,6.65,Morning,Yes,Yes
262,18-04-2025,E10,Stratford-EastHam,OneTime,,Glowing Skin & Healthy Hair Platter,6.65,1,6.65,Morning,Yes,Yes
263,18-04-2025,E2,Hackney-BethnalGreen,OneTime,,Gut Health & Digestion Friendly Platter,6.65,1,6.65,Morning,Yes,Yes
264,18-04-2025,IG11,Ilford-Redbridge,OneTime,,Gut Health & Digestion Friendly Platter,6.65,1,6.65,Morning,Yes,Yes
265,18-04-2025,IG3,Ilford-Redbridge,Subscription,Essence,Essence,32.95,1,32.95,Morning,Yes,Yes
266,18-04-2025,E9,Hackney-BethnalGreen,Subscription,Essence,Essence,32.95,1,32.95,Morning,Yes,Yes
267,18-04-2025,IG3,Ilford-Redbridge,OneTime,,Immunity Booster Platter,6.65,1,6.65,Morning,Yes,Yes
268,19-04-2025,E13,Stratford-EastHam,Subscription,Everjoy,Everjoy,18.99,1,18.99,Morning,Yes,Yes
269,19-04-2025,IG2,Ilford-Redbridge,Subscription,Elevate,Elevate,39.75,1,39.75,Morning,Yes,Yes
270,19-04-2025,IG11,Ilford-Redbridge,OneTime,,Immunity Booster Platter,6.65,1,6.65,Morning,Yes,Yes
271,19-04-2025,E6,Stratford-EastHam,OneTime,,Hydration & Refreshment Platter,6.65,1,6.65,Morning,Yes,Yes
272,19-04-2025,IG3,Ilford-Redbridge,Subscription,Essence,Essence,32.95,1,32.95,Morning,Yes,Yes
273,19-04-2025,IG1,Ilford-Redbridge,OneTime,,Glowing Skin & Healthy Hair Platter,6.65,1,6.65,Morning,Yes,Yes
274,19-04-2025,RM6,Barking-Dagenham,OneTime,,Heart-Healthy & Vitality Platter,6.65,1,6.65,Morning,Yes,Yes
275,20-04-2025,E2,Hackney-BethnalGreen,OneTime,,Glowing Skin & Healthy Hair Platter,6.65,1,6.65,Morning,Yes,Yes
276,20-04-2025,IG4,Ilford-Redbridge,OneTime,,Hydration & Refreshment Platter,6.65,1,6.65,Morning,Yes,Yes
277,20-04-2025,IG2,Ilford-Redbridge,OneTime,,Gut Health & Digestion Friendly Platter,6.65,1,6.65,Evening,Yes,Yes
278,20-04-2025,E11,Stratford-EastHam,OneTime,,Glowing Skin & Healthy Hair Platter,6.65,1,6.65,Evening,Yes,Yes
279,20-04-2025,IG6,Ilford-Redbridge,OneTime,,Hydration & Refreshment Platter,6.65,1,6.65,Morning,Yes,Yes
280,20-04-2025,E10,Stratford-EastHam,Subscription,Essence,Essence,32.95,1,32.95,Morning,Yes,Yes
281,20-04-2025,RM8,Barking-Dagenham,OneTime,,Strength & Stamina Platter,6.65,1,6.65,Morning,No,Yes
282,20-04-2025,IG3,Ilford-Redbridge,Subscription,Essence,Essence,32.95,1,32.95,Evening,Yes,Yes
283,20-04-2025,E16,Docklands,OneTime,,Hydration & Refreshment Platter,6.65,1,6.65,Morning,Yes,Yes
284,20-04-2025,E2,Hackney-BethnalGreen,OneTime,,Glowing Skin & Healthy Hair Platter,6.65,1,6.65,Morning,Yes,Yes
285,20-04-2025,E2,Hackney-BethnalGreen,OneTime,,Glowing Skin & Healthy Hair Platter,6.65,1,6.65,Morning,Yes,Yes
286,21-04-2025,IG2,Ilford-Redbridge,Subscription,Essence,Essence,32.95,1,32.95,Morning,No,Yes
287,21-04-2025,E14,Docklands,OneTime,,Hydration & Refreshment Platter,6.65,1,6.65,Morning,Yes,Yes
288,21-04-2025,E12,Stratford-EastHam,OneTime,,Immunity Booster Platter,6.65,1,6.65,Morning,Yes,Yes
289,21-04-2025,IG6,Ilford-Redbridge,OneTime,,Heart-Healthy & Vitality Platter,6.65,1,6.65,Morning,Yes,Yes
290,21-04-2025,E12,Stratford-EastHam,OneTime,,Glowing Skin & Healthy Hair Platter,6.65,1,6.65,Morning,Yes,Yes
291,21-04-2025,IG1,Ilford-Redbridge,OneTime,,Immunity Booster Platter,6.65,1,6.65,Morning,Yes,Yes
292,21-04-2025,E1,Docklands,Subscription,Essence,Essence,32.95,1,32.95,Morning,Yes,Yes
293,21-04-2025,RM9,Barking-Dagenham,Subscription,Elevate,Elevate,39.75,1,39.75,Morning,Yes,Yes
294,21-04-2025,E13,Stratford-EastHam,OneTime,,Gut Health & Digestion Friendly Platter,6.65,1,6.65,Morning,Yes,Yes
295,21-04-2025,E13,Stratford-EastHam,OneTime,,Glowing Skin & Healthy Hair Platter,6.65,1,6.65,Evening,Yes,Yes
296,22-04-2025,IG1,Ilford-Redbridge,OneTime,,Strength & Stamina Platter,6.65,1,6.65,Morning,Yes,Yes
297,22-04-2025,IG2,Ilford-Redbridge,OneTime,,Gut Health & Digestion Friendly Platter,6.65,1,6.65,Morning,No,Yes
298,22-04-2025,E14,Docklands,Subscription,Everjoy,Everjoy,18.99,1,18.99,Morning,Yes,Yes
299,22-04-2025,E6,Stratford-EastHam,OneTime,,Immunity Booster Platter,6.65,1,6.65,Morning,Yes,Yes
300,22-04-2025,E2,Hackney-BethnalGreen,OneTime,,Immunity Booster Platter,6.65,1,6.65,Morning,No,Yes
301,22-04-2025,E10,Stratford-EastHam,OneTime,,Glowing Skin & Healthy Hair Platter,6.65,1,6.65,Morning,Yes,Yes
302,23-04-2025,E6,Stratford-EastHam,Subscription,Everjoy,Everjoy,18.99,1,18.99,Morning,Yes,Yes
303,23-04-2025,E1,Docklands,OneTime,,Strength & Stamina Platter,6.65,1,6.65,Evening,Yes,Yes
304,23-04-2025,RM9,Barking-Dagenham,OneTime,,Heart-Healthy & Vitality Platter,6.65,1,6.65,Morning,Yes,Yes
305,23-04-2025,IG1,Ilford-Redbridge,OneTime,,Immunity Booster Platter,6.65,1,6.65,Morning,Yes,Yes
306,23-04-2025,E10,Stratford-EastHam,OneTime,,Gut Health & Digestion Friendly Platter,6.65,1,6.65,Morning,No,Yes
307,23-04-2025,E12,Stratford-EastHam,OneTime,,Heart-Healthy & Vitality Platter,6.65,1,6.65,Morning,Yes,Yes
308,23-04-2025,E14,Docklands,Subscription,Elevate,Elevate,39.75,1,39.75,Morning,Yes,Yes
309,23-04-2025,E2,Hackney-BethnalGreen,OneTime,,Gut Health & Digestion Friendly Platter,6.65,1,6.65,Morning,Yes,Yes
310,24-04-2025,E3,Docklands,OneTime,,Immunity Booster Platter,6.65,1,6.65,Evening,Yes,Yes
311,24-04-2025,E1,Docklands,Subscription,Elevate,Elevate,39.75,1,39.75,Morning,Yes,Yes
312,24-04-2025,E6,Stratford-EastHam,OneTime,,Strength & Stamina Platter,6.65,1,6.65,Morning,Yes,Yes
313,24-04-2025,IG6,Ilford-Redbridge,Subscription,Everjoy,Everjoy,18.99,1,18.99,Morning,Yes,Yes
314,24-04-2025,IG6,Ilford-Redbridge,OneTime,,Gut Health & Digestion Friendly Platter,6.65,1,6.65,Morning,Yes,Yes
315,24-04-2025,IG1,Ilford-Redbridge,OneTime,,Strength & Stamina Platter,6.65,1,6.65,Morning,Yes,Yes
316,25-04-2025,E11,Stratford-EastHam,Subscription,Elevate,Elevate,39.75,1,39.75,Morning,Yes,Yes
317,25-04-2025,E12,Stratford-EastHam,Subscription,Everjoy,Everjoy,18.99,1,18.99,Morning,Yes,Yes
318,25-04-2025,E10,Stratford-EastHam,OneTime,,Gut Health & Digestion Friendly Platter,6.65,1,6.65,Morning,Yes,Yes
319,25-04-2025,IG11,Ilford-Redbridge,OneTime,,Gut Health & Digestion Friendly Platter,6.65,1,6.65,Morning,Yes,Yes
320,25-04-2025,RM6,Barking-Dagenham,OneTime,,Glowing Skin & Healthy Hair Platter,6.65,1,6.65,Morning,Yes,Yes
321,25-04-2025,IG11,Ilford-Redbridge,Subscription,Everjoy,Everjoy,18.99,1,18.99,Morning,Yes,Yes
322,25-04-2025,E1,Docklands,Subscription,Elevate,Elevate,39.75,1,39.75,Morning,Yes,Yes
323,26-04-2025,E10,Stratford-EastHam,OneTime,,Glowing Skin & Healthy Hair Platter,6.65,1,6.65,Morning,Yes,Yes
324,26-04-2025,E14,Docklands,OneTime,,Glowing Skin & Healthy Hair Platter,6.65,1,6.65,Morning,Yes,Yes
325,26-04-2025,RM9,Barking-Dagenham,Subscription,Essence,Essence,32.95,1,32.95,Morning,Yes,Yes
326,26-04-2025,IG3,Ilford-Redbridge,Subscription,Everjoy,Everjoy,18.99,1,18.99,Evening,Yes,Yes
327,26-04-2025,RM8,Barking-Dagenham,OneTime,,Heart-Healthy & Vitality Platter,6.65,1,6.65,Morning,Yes,Yes
328,26-04-2025,IG3,Ilford-Redbridge,OneTime,,Heart-Healthy & Vitality Platter,6.65,1,6.65,Morning,Yes,Yes
329,26-04-2025,E1,Docklands,OneTime,,Heart-Healthy & Vitality Platter,6.65,1,6.65,Morning,Yes,Yes
330,27-04-2025,E7,Stratford-EastHam,OneTime,,Immunity Booster Platter,6.65,1,6.65,Morning,Yes,Yes
331,27-04-2025,IG1,Ilford-Redbridge,OneTime,,Hydration & Refreshment Platter,6.65,1,6.65,Morning,Yes,Yes
332,27-04-2025,E3,Docklands,OneTime,,Glowing Skin & Healthy Hair Platter,6.65,1,6.65,Morning,Yes,Yes
333,27-04-2025,IG3,Ilford-Redbridge,Subscription,Essence,Essence,32.95,1,32.95,Morning,Yes,Yes
334,27-04-2025,E12,Stratford-EastHam,Subscription,Everjoy,Everjoy,18.99,1,18.99,Evening,Yes,Yes
335,27-04-2025,E8,Hackney-BethnalGreen,Subscription,Essence,Essence,32.95,1,32.95,Morning,Yes,Yes
336,27-04-2025,E10,Stratford-EastHam,OneTime,,Glowing Skin & Healthy Hair Platter,6.65,1,6.65,Morning,Yes,Yes
337,27-04-2025,E16,Docklands,OneTime,,Gut Health & Digestion Friendly Platter,6.65,1,6.65,Morning,Yes,Yes
338,27-04-2025,IG3,Ilford-Redbridge,OneTime,,Immunity Booster Platter,6.65,1,6.65,Morning,Yes,Yes
339,28-04-2025,E10,Stratford-EastHam,OneTime,,Immunity Booster Platter,6.65,1,6.65,Morning,Yes,Yes
340,28-04-2025,E6,Stratford-EastHam,OneTime,,Gut Health & Digestion Friendly Platter,6.65,1,6.65,Morning,Yes,Yes
341,28-04-2025,E13,Stratford-EastHam,OneTime,,Hydration & Refreshment Platter,6.65,1,6.65,Morning,Yes,Yes
342,28-04-2025,RM9,Barking-Dagenham,OneTime,,Heart-Healthy & Vitality Platter,6.65,1,6.65,Morning,Yes,Yes
343,28-04-2025,IG6,Ilford-Redbridge,OneTime,,Hydration & Refreshment Platter,6.65,1,6.65,Morning,Yes,Yes
344,28-04-2025,E6,Stratford-EastHam,OneTime,,Gut Health & Digestion Friendly Platter,6.65,1,6.65,Evening,Yes,Yes
345,28-04-2025,IG3,Ilford-Redbridge,Subscription,Elevate,Elevate,39.75,1,39.75,Morning,Yes,Yes
346,29-04-2025,IG11,Ilford-Redbridge,OneTime,,Heart-Healthy & Vitality Platter,6.65,1,6.65,Morning,Yes,Yes
347,29-04-2025,IG1,Ilford-Redbridge,Subscription,Essence,Essence,32.95,1,32.95,Morning,Yes,Yes
348,29-04-2025,E3,Docklands,OneTime,,Glowing Skin & Healthy Hair Platter,6.65,1,6.65,Morning,Yes,Yes
349,29-04-2025,E6,Stratford-EastHam,OneTime,,Strength & Stamina Platter,6.65,1,6.65,Morning,Yes,Yes
350,29-04-2025,RM6,Barking-Dagenham,OneTime,,Gut Health & Digestion Friendly Platter,6.65,1,6.65,Morning,Yes,Yes
351,29-04-2025,E16,Docklands,OneTime,,Gut Health & Digestion Friendly Platter,6.65,1,6.65,Morning,Yes,Yes
352,29-04-2025,IG6,Ilford-Redbridge,OneTime,,Gut Health & Digestion Friendly Platter,6.65,1,6.65,Morning,Yes,Yes
353,30-04-2025,IG3,Ilford-Redbridge,OneTime,,Strength & Stamina Platter,6.65,1,6.65,Morning,Yes,Yes
354,30-04-2025,IG2,Ilford-Redbridge,Subscription,Elevate,Elevate,39.75,1,39.75,Morning,Yes,Yes
355,30-04-2025,IG4,Ilford-Redbridge,OneTime,,Glowing Skin & Healthy Hair Platter,6.65,1,6.65,Morning,Yes,Yes
356,30-04-2025,RM6,Barking-Dagenham,Subscription,Everjoy,Everjoy,18.99,1,18.99,Morning,Yes,Yes
357,30-04-2025,E10,Stratford-EastHam,OneTime,,Gut Health & Digestion Friendly Platter,6.65,1,6.65,Morning,No,Yes
358,30-04-2025,IG4,Ilford-Redbridge,Subscription,Essence,Essence,32.95,1,32.95,Morning,Yes,Yes
359,30-04-2025,IG2,Ilford-Redbridge,Subscription,Elevate,Elevate,39.75,1,39.75,Morning,Yes,Yes
360,30-04-2025,E11,Stratford-EastHam,OneTime,,Immunity Booster Platter,6.65,1,6.65,Evening,Yes,Yes
361,30-04-2025,E16,Docklands,OneTime,,Hydration & Refreshment Platter,6.65,1,6.65,Evening,Yes,Yes
362,01-05-2025,IG3,Ilford-Redbridge,Subscription,Everjoy,Everjoy,18.99,1,18.99,Morning,Yes,Yes
363,01-05-2025,E9,Hackney-BethnalGreen,OneTime,,Heart-Healthy & Vitality Platter,6.65,1,6.65,Morning,Yes,Yes
364,01-05-2025,RM8,Barking-Dagenham,OneTime,,Gut Health & Digestion Friendly Platter,6.65,1,6.65,Morning,Yes,Yes
365,01-05-2025,RM8,Barking-Dagenham,OneTime,,Glowing Skin & Healthy Hair Platter,6.65,1,6.65,Morning,Yes,Yes
366,01-05-2025,E7,Stratford-EastHam,OneTime,,Strength & Stamina Platter,6.65,1,6.65,Morning,Yes,Yes
367,01-05-2025,IG2,Ilford-Redbridge,OneTime,,Immunity Booster Platter,6.65,1,6.65,Evening,Yes,Yes
368,01-05-2025,E6,Stratford-EastHam,Subscription,Elevate,Elevate,39.75,1,39.75,Morning,Yes,Yes
369,02-05-2025,RM8,Barking-Dagenham,OneTime,,Glowing Skin & Healthy Hair Platter,6.65,1,6.65,Evening,Yes,Yes
370,02-05-2025,E13,Stratford-EastHam,OneTime,,Glowing Skin & Healthy Hair Platter,6.65,1,6.65,Morning,Yes,Yes
371,02-05-2025,E14,Docklands,Subscription,Elevate,Elevate,39.75,1,39.75,Morning,Yes,Yes
372,02-05-2025,E10,Stratford-EastHam,OneTime,,Heart-Healthy & Vitality Platter,6.65,1,6.65,Morning,Yes,Yes
373,02-05-2025,E6,Stratford-EastHam,Subscription,Elevate,Elevate,39.75,1,39.75,Morning,Yes,Yes
374,02-05-2025,E11,Stratford-EastHam,OneTime,,Heart-Healthy & Vitality Platter,6.65,1,6.65,Morning,Yes,Yes
375,02-05-2025,IG4,Ilford-Redbridge,OneTime,,Heart-Healthy & Vitality Platter,6.65,1,6.65,Evening,Yes,Yes
376,02-05-2025,E9,Hackney-BethnalGreen,Subscription,Elevate,Elevate,39.75,1,39.75,Morning,Yes,Yes
377,02-05-2025,E13,Stratford-EastHam,OneTime,,Strength & Stamina Platter,6.65,1,6.65,Morning,Yes,Yes
378,02-05-2025,E10,Stratford-EastHam,Subscription,Essence,Essence,32.95,1,32.95,Morning,Yes,Yes
379,02-05-2025,E12,Stratford-EastHam,OneTime,,Glowing Skin & Healthy Hair Platter,6.65,1,6.65,Morning,Yes,Yes
380,02-05-2025,IG11,Ilford-Redbridge,Subscription,Essence,Essence,32.95,1,32.95,Morning,Yes,Yes
381,03-05-2025,E10,Stratford-EastHam,Subscription,Everjoy,Everjoy,18.99,1,18.99,Morning,No,Yes
382,03-05-2025,E1,Docklands,OneTime,,Hydration & Refreshment Platter,6.65,1,6.65,Morning,Yes,Yes
383,03-05-2025,IG4,Ilford-Redbridge,Subscription,Essence,Essence,32.95,1,32.95,Morning,No,Yes
384,03-05-2025,E10,Stratford-EastHam,Subscription,Essence,Essence,32.95,1,32.95,Morning,Yes,Yes
385,03-05-2025,E14,Docklands,OneTime,,Glowing Skin & Healthy Hair Platter,6.65,1,6.65,Morning,Yes,Yes
386,04-05-2025,RM9,Barking-Dagenham,Subscription,Elevate,Elevate,39.75,1,39.75,Morning,Yes,Yes
387,04-05-2025,E1,Docklands,OneTime,,Heart-Healthy & Vitality Platter,6.65,1,6.65,Morning,Yes,Yes
388,04-05-2025,RM8,Barking-Dagenham,Subscription,Essence,Essence,32.95,1,32.95,Morning,Yes,Yes
389,04-05-2025,E1,Docklands,OneTime,,Heart-Healthy & Vitality Platter,6.65,1,6.65,Morning,Yes,Yes
390,04-05-2025,IG3,Ilford-Redbridge,Subscription,Everjoy,Everjoy,18.99,1,18.99,Morning,Yes,Yes
391,04-05-2025,E10,Stratford-EastHam,OneTime,,Glowing Skin & Healthy Hair Platter,6.65,1,6.65,Morning,Yes,Yes
392,04-05-2025,E1,Docklands,OneTime,,Hydration & Refreshment Platter,6.65,1,6.65,Morning,No,Yes
393,04-05-2025,RM9,Barking-Dagenham,OneTime,,Strength & Stamina Platter,6.65,1,6.65,Morning,Yes,Yes
394,04-05-2025,E13,Stratford-EastHam,OneTime,,Heart-Healthy & Vitality Platter,6.65,1,6.65,Morning,Yes,Yes
395,05-05-2025,E16,Docklands,OneTime,,Gut Health & Digestion Friendly Platter,6.65,1,6.65,Morning,No,Yes
396,05-05-2025,E3,Docklands,OneTime,,Glowing Skin & Healthy Hair Platter,6.65,1,6.65,Morning,Yes,Yes
397,05-05-2025,IG11,Ilford-Redbridge,OneTime,,Strength & Stamina Platter,6.65,1,6.65,Morning,Yes,Yes
398,05-05-2025,E16,Docklands,OneTime,,Strength & Stamina Platter,6.65,1,6.65,Morning,No,Yes
399,05-05-2025,E16,Docklands,OneTime,,Glowing Skin & Healthy Hair Platter,6.65,1,6.65,Morning,Yes,Yes
400,05-05-2025,E1,Docklands,OneTime,,Glowing Skin & Healthy Hair Platter,6.65,1,6.65,Morning,Yes,Yes
401,05-05-2025,IG1,Ilford-Redbridge,OneTime,,Immunity Booster Platter,6.65,1,6.65,Morning,Yes,Yes
402,06-05-2025,IG3,Ilford-Redbridge,Subscription,Essence,Essence,32.95,1,32.95,Morning,Yes,Yes
403,06-05-2025,E14,Docklands,OneTime,,Strength & Stamina Platter,6.65,1,6.65,Morning,Yes,Yes
404,06-05-2025,E16,Docklands,OneTime,,Strength & Stamina Platter,6.65,1,6.65,Morning,Yes,Yes
405,06-05-2025,E1,Docklands,Subscription,Essence,Essence,32.95,1,32.95,Morning,Yes,Yes
406,06-05-2025,E3,Docklands,Subscription,Elevate,Elevate,39.75,1,39.75,Morning,Yes,Yes
407,06-05-2025,IG6,Ilford-Redbridge,OneTime,,Hydration & Refreshment Platter,6.65,1,6.65,Morning,Yes,Yes
408,06-05-2025,E16,Docklands,OneTime,,Immunity Booster Platter,6.65,1,6.65,Morning,Yes,Yes
409,07-05-2025,IG4,Ilford-Redbridge,Subscription,Essence,Essence,32.95,1,32.95,Morning,Yes,Yes
410,07-05-2025,RM6,Barking-Dagenham,OneTime,,Immunity Booster Platter,6.65,1,6.65,Morning,No,Yes
411,07-05-2025,IG3,Ilford-Redbridge,Subscription,Essence,Essence,32.95,1,32.95,Morning,Yes,Yes
412,07-05-2025,IG1,Ilford-Redbridge,Subscription,Elevate,Elevate,39.75,1,39.75,Morning,Yes,Yes
413,07-05-2025,IG3,Ilford-Redbridge,OneTime,,Gut Health & Digestion Friendly Platter,6.65,1,6.65,Morning,Yes,Yes
414,07-05-2025,IG3,Ilford-Redbridge,Subscription,Essence,Essence,32.95,1,32.95,Morning,Yes,Yes
415,07-05-2025,E13,Stratford-EastHam,OneTime,,Gut Health & Digestion Friendly Platter,6.65,1,6.65,Evening,Yes,Yes
416,07-05-2025,IG11,Ilford-Redbridge,OneTime,,Hydration & Refreshment Platter,6.65,1,6.65,Morning,Yes,Yes
417,07-05-2025,IG3,Ilford-Redbridge,Subscription,Elevate,Elevate,39.75,1,39.75,Morning,Yes,Yes
418,08-05-2025,IG1,Ilford-Redbridge,OneTime,,Glowing Skin & Healthy Hair Platter,6.65,1,6.65,Morning,Yes,Yes
419,08-05-2025,E12,Stratford-EastHam,OneTime,,Immunity Booster Platter,6.65,1,6.65,Morning,Yes,Yes
420,08-05-2025,IG1,Ilford-Redbridge,OneTime,,Heart-Healthy & Vitality Platter,6.65,1,6.65,Morning,Yes,Yes
421,08-05-2025,E3,Docklands,OneTime,,Immunity Booster Platter,6.65,1,6.65,Morning,Yes,Yes
422,08-05-2025,E10,Stratford-EastHam,OneTime,,Glowing Skin & Healthy Hair Platter,6.65,1,6.65,Morning,Yes,Yes
423,08-05-2025,E6,Stratford-EastHam,OneTime,,Heart-Healthy & Vitality Platter,6.65,1,6.65,Morning,Yes,Yes
424,08-05-2025,E1,Docklands,OneTime,,Hydration & Refreshment Platter,6.65,1,6.65,Morning,Yes,Yes
425,08-05-2025,E14,Docklands,OneTime,,Gut Health & Digestion Friendly Platter,6.65,1,6.65,Morning,Yes,Yes
426,09-05-2025,IG11,Ilford-Redbridge,Subscription,Elevate,Elevate,39.75,1,39.75,Morning,Yes,Yes
427,09-05-2025,IG2,Ilford-Redbridge,Subscription,Essence,Essence,32.95,1,32.95,Morning,Yes,Yes
428,09-05-2025,E7,Stratford-EastHam,OneTime,,Strength & Stamina Platter,6.65,1,6.65,Morning,Yes,Yes
429,09-05-2025,E7,Stratford-EastHam,OneTime,,Strength & Stamina Platter,6.65,1,6.65,Morning,Yes,Yes
430,09-05-2025,E1,Docklands,OneTime,,Strength & Stamina Platter,6.65,1,6.65,Morning,Yes,Yes
431,09-05-2025,E3,Docklands,OneTime,,Immunity Booster Platter,6.65,1,6.65,Morning,Yes,Yes
432,09-05-2025,E14,Docklands,OneTime,,Immunity Booster Platter,6.65,1,6.65,Morning,Yes,Yes
433,10-05-2025,E10,Stratford-EastHam,OneTime,,Strength & Stamina Platter,6.65,1,6.65,Morning,Yes,Yes
434,11-05-2025,IG3,Ilford-Redbridge,OneTime,,Heart-Healthy & Vitality Platter,6.65,1,6.65,Morning,Yes,Yes
435,11-05-2025,E7,Stratford-EastHam,Subscription,Everjoy,Everjoy,18.99,1,18.99,Morning,Yes,Yes
436,11-05-2025,E3,Docklands,Subscription,Essence,Essence,32.95,1,32.95,Morning,Yes,Yes
437,11-05-2025,E2,Hackney-BethnalGreen,OneTime,,Gut Health & Digestion Friendly Platter,6.65,1,6.65,Morning,Yes,Yes
438,12-05-2025,RM9,Barking-Dagenham,Subscription,Essence,Essence,32.95,1,32.95,Morning,Yes,Yes
439,12-05-2025,E3,Docklands,Subscription,Elevate,Elevate,39.75,1,39.75,Morning,Yes,Yes
440,12-05-2025,E6,Stratford-EastHam,OneTime,,Immunity Booster Platter,6.65,1,6.65,Morning,Yes,Yes
441,12-05-2025,E6,Stratford-EastHam,OneTime,,Gut Health & Digestion Friendly Platter,6.65,1,6.65,Morning,Yes,Yes
442,12-05-2025,E3,Docklands,Subscription,Essence,Essence,32.95,1,32.95,Morning,No,Yes
443,12-05-2025,RM9,Barking-Dagenham,Subscription,Essence,Essence,32.95,1,32.95,Morning,Yes,Yes
444,12-05-2025,E2,Hackney-BethnalGreen,Subscription,Essence,Essence,32.95,1,32.95,Evening,Yes,Yes
445,12-05-2025,E13,Stratford-EastHam,OneTime,,Gut Health & Digestion Friendly Platter,6.65,1,6.65,Morning,No,Yes
446,12-05-2025,E2,Hackney-BethnalGreen,OneTime,,Immunity Booster Platter,6.65,1,6.65,Morning,No,Yes
447,13-05-2025,E13,Stratford-EastHam,OneTime,,Gut Health & Digestion Friendly Platter,6.65,1,6.65,Morning,Yes,Yes
448,13-05-2025,E3,Docklands,OneTime,,Immunity Booster Platter,6.65,1,6.65,Morning,No,Yes
449,13-05-2025,IG11,Ilford-Redbridge,OneTime,,Heart-Healthy & Vitality Platter,6.65,1,6.65,Morning,No,Yes
450,13-05-2025,IG6,Ilford-Redbridge,OneTime,,Heart-Healthy & Vitality Platter,6.65,1,6.65,Evening,Yes,Yes
451,13-05-2025,E8,Hackney-BethnalGreen,OneTime,,Hydration & Refreshment Platter,6.65,1,6.65,Morning,Yes,Yes
452,13-05-2025,E9,Hackney-BethnalGreen,OneTime,,Strength & Stamina Platter,6.65,1,6.65,Morning,Yes,Yes
453,13-05-2025,E10,Stratford-EastHam,Subscription,Elevate,Elevate,39.75,1,39.75,Morning,Yes,Yes
454,13-05-2025,E11,Stratford-EastHam,OneTime,,Glowing Skin & Healthy Hair Platter,6.65,1,6.65,Morning,No,Yes
455,14-05-2025,E7,Stratford-EastHam,Subscription,Essence,Essence,32.95,1,32.95,Morning,No,Yes
456,14-05-2025,E10,Stratford-EastHam,Subscription,Everjoy,Everjoy,18.99,1,18.99,Morning,Yes,Yes
457,14-05-2025,IG4,Ilford-Redbridge,OneTime,,Glowing Skin & Healthy Hair Platter,6.65,1,6.65,Morning,Yes,Yes
458,14-05-2025,IG3,Ilford-Redbridge,OneTime,,Glowing Skin & Healthy Hair Platter,6.65,1,6.65,Morning,Yes,Yes
459,14-05-2025,E16,Docklands,OneTime,,Strength & Stamina Platter,6.65,1,6.65,Morning,Yes,Yes
460,14-05-2025,IG6,Ilford-Redbridge,OneTime,,Gut Health & Digestion Friendly Platter,6.65,1,6.65,Morning,Yes,Yes
461,14-05-2025,IG2,Ilford-Redbridge,OneTime,,Heart-Healthy & Vitality Platter,6.65,1,6.65,Morning,Yes,Yes
462,14-05-2025,RM6,Barking-Dagenham,OneTime,,Immunity Booster Platter,6.65,1,6.65,Morning,Yes,Yes
463,14-05-2025,E16,Docklands,Subscription,Essence,Essence,32.95,1,32.95,Morning,Yes,Yes
464,15-05-2025,RM8,Barking-Dagenham,Subscription,Everjoy,Everjoy,18.99,1,18.99,Morning,No,Yes
465,15-05-2025,E13,Stratford-EastHam,OneTime,,Strength & Stamina Platter,6.65,1,6.65,Morning,Yes,Yes
466,15-05-2025,IG3,Ilford-Redbridge,Subscription,Elevate,Elevate,39.75,1,39.75,Morning,Yes,Yes
467,15-05-2025,IG6,Ilford-Redbridge,OneTime,,Glowing Skin & Healthy Hair Platter,6.65,1,6.65,Morning,Yes,Yes
468,15-05-2025,IG6,Ilford-Redbridge,OneTime,,Gut Health & Digestion Friendly Platter,6.65,1,6.65,Evening,Yes,Yes
469,15-05-2025,RM8,Barking-Dagenham,OneTime,,Glowing Skin & Healthy Hair Platter,6.65,1,6.65,Morning,Yes,Yes
470,15-05-2025,E8,Hackney-BethnalGreen,OneTime,,Immunity Booster Platter,6.65,1,6.65,Morning,Yes,Yes
471,15-05-2025,IG3,Ilford-Redbridge,OneTime,,Hydration & Refreshment Platter,6.65,1,6.65,Morning,Yes,Yes
472,15-05-2025,E14,Docklands,OneTime,,Glowing Skin & Healthy Hair Platter,6.65,1,6.65,Morning,Yes,Yes
473,15-05-2025,E14,Docklands,OneTime,,Strength & Stamina Platter,6.65,1,6.65,Morning,Yes,Yes
474,15-05-2025,IG4,Ilford-Redbridge,OneTime,,Strength & Stamina Platter,6.65,1,6.65,Morning,Yes,Yes
475,15-05-2025,RM9,Barking-Dagenham,Subscription,Essence,Essence,32.95,1,32.95,Morning,Yes,Yes
476,15-05-2025,E16,Docklands,OneTime,,Heart-Healthy & Vitality Platter,6.65,1,6.65,Morning,Yes,Yes
477,16-05-2025,E11,Stratford-EastHam,OneTime,,Gut Health & Digestion Friendly Platter,6.65,1,6.65,Morning,Yes,Yes
478,16-05-2025,IG6,Ilford-Redbridge,Subscription,Elevate,Elevate,39.75,1,39.75,Morning,Yes,Yes
479,16-05-2025,E3,Docklands,OneTime,,Heart-Healthy & Vitality Platter,6.65,1,6.65,Morning,Yes,Yes
480,16-05-2025,IG4,Ilford-Redbridge,Subscription,Essence,Essence,32.95,1,32.95,Morning,Yes,Yes
481,16-05-2025,E6,Stratford-EastHam,OneTime,,Heart-Healthy & Vitality Platter,6.65,1,6.65,Morning,Yes,Yes
482,16-05-2025,IG2,Ilford-Redbridge,OneTime,,Hydration & Refreshment Platter,6.65,1,6.65,Morning,Yes,Yes
483,16-05-2025,E13,Stratford-EastHam,Subscription,Essence,Essence,32.95,1,32.95,Morning,Yes,Yes
484,16-05-2025,IG4,Ilford-Redbridge,OneTime,,Glowing Skin & Healthy Hair Platter,6.65,1,6.65,Morning,Yes,Yes
485,16-05-2025,IG4,Ilford-Redbridge,OneTime,,Heart-Healthy & Vitality Platter,6.65,1,6.65,Morning,Yes,Yes
486,17-05-2025,E10,Stratford-EastHam,Subscription,Everjoy,Everjoy,18.99,1,18.99,Morning,Yes,Yes
487,17-05-2025,E10,Stratford-EastHam,OneTime,,Heart-Healthy & Vitality Platter,6.65,1,6.65,Evening,Yes,Yes
488,17-05-2025,IG1,Ilford-Redbridge,OneTime,,Immunity Booster Platter,6.65,1,6.65,Morning,Yes,Yes
489,17-05-2025,E1,Docklands,OneTime,,Immunity Booster Platter,6.65,1,6.65,Morning,Yes,Yes
490,18-05-2025,IG11,Ilford-Redbridge,Subscription,Essence,Essence,32.95,1,32.95,Morning,Yes,Yes
491,18-05-2025,IG2,Ilford-Redbridge,OneTime,,Strength & Stamina Platter,6.65,1,6.65,Evening,Yes,Yes
492,18-05-2025,E9,Hackney-BethnalGreen,OneTime,,Strength & Stamina Platter,6.65,1,6.65,Morning,Yes,Yes
493,18-05-2025,E12,Stratford-EastHam,OneTime,,Strength & Stamina Platter,6.65,1,6.65,Morning,Yes,Yes
494,18-05-2025,E13,Stratford-EastHam,OneTime,,Strength & Stamina Platter,6.65,1,6.65,Morning,Yes,Yes
495,18-05-2025,E11,Stratford-EastHam,OneTime,,Immunity Booster Platter,6.65,1,6.65,Morning,Yes,Yes
496,19-05-2025,IG2,Ilford-Redbridge,Subscription,Elevate,Elevate,39.75,1,39.75,Evening,Yes,Yes
497,19-05-2025,IG2,Ilford-Redbridge,OneTime,,Glowing Skin & Healthy Hair Platter,6.65,1,6.65,Morning,Yes,Yes
498,19-05-2025,E9,Hackney-BethnalGreen,OneTime,,Glowing Skin & Healthy Hair Platter,6.65,1,6.65,Morning,Yes,Yes
499,19-05-2025,IG11,Ilford-Redbridge,OneTime,,Gut Health & Digestion Friendly Platter,6.65,1,6.65,Morning,Yes,Yes
500,19-05-2025,IG11,Ilford-Redbridge,OneTime,,Gut Health & Digestion Friendly Platter,6.65,1,6.65,Morning,Yes,Yes
501,19-05-2025,E12,Stratford-EastHam,Subscription,Everjoy,Everjoy,18.99,1,18.99,Morning,Yes,Yes
502,19-05-2025,E14,Docklands,OneTime,,Glowing Skin & Healthy Hair Platter,6.65,1,6.65,Morning,Yes,Yes
503,19-05-2025,IG1,Ilford-Redbridge,OneTime,,Immunity Booster Platter,6.65,1,6.65,Morning,Yes,Yes
504,20-05-2025,E6,Stratford-EastHam,OneTime,,Immunity Booster Platter,6.65,1,6.65,Evening,Yes,Yes
505,20-05-2025,IG6,Ilford-Redbridge,Subscription,Everjoy,Everjoy,18.99,1,18.99,Morning,Yes,Yes
506,20-05-2025,IG6,Ilford-Redbridge,Subscription,Elevate,Elevate,39.75,1,39.75,Evening,No,Yes
507,20-05-2025,E11,Stratford-EastHam,OneTime,,Heart-Healthy & Vitality Platter,6.65,1,6.65,Morning,Yes,Yes
508,20-05-2025,E14,Docklands,OneTime,,Strength & Stamina Platter,6.65,1,6.65,Evening,Yes,Yes
509,20-05-2025,IG1,Ilford-Redbridge,OneTime,,Heart-Healthy & Vitality Platter,6.65,1,6.65,Morning,Yes,Yes
510,21-05-2025,E12,Stratford-EastHam,OneTime,,Strength & Stamina Platter,6.65,1,6.65,Morning,Yes,Yes
511,21-05-2025,RM8,Barking-Dagenham,Subscription,Elevate,Elevate,39.75,1,39.75,Morning,Yes,Yes
512,21-05-2025,RM6,Barking-Dagenham,OneTime,,Hydration & Refreshment Platter,6.65,1,6.65,Morning,Yes,Yes
513,21-05-2025,E7,Stratford-EastHam,Subscription,Everjoy,Everjoy,18.99,1,18.99,Morning,Yes,Yes
514,21-05-2025,IG1,Ilford-Redbridge,OneTime,,Heart-Healthy & Vitality Platter,6.65,1,6.65,Morning,Yes,Yes
515,21-05-2025,E2,Hackney-BethnalGreen,OneTime,,Heart-Healthy & Vitality Platter,6.65,1,6.65,Morning,Yes,Yes
516,21-05-2025,E2,Hackney-BethnalGreen,Subscription,Elevate,Elevate,39.75,1,39.75,Morning,Yes,Yes
517,21-05-2025,IG4,Ilford-Redbridge,Subscription,Everjoy,Everjoy,18.99,1,18.99,Morning,No,Yes
518,21-05-2025,IG1,Ilford-Redbridge,OneTime,,Gut Health & Digestion Friendly Platter,6.65,1,6.65,Evening,Yes,Yes
519,21-05-2025,IG11,Ilford-Redbridge,OneTime,,Heart-Healthy & Vitality Platter,6.65,1,6.65,Morning,No,Yes
520,21-05-2025,E10,Stratford-EastHam,Subscription,Everjoy,Everjoy,18.99,1,18.99,Morning,Yes,Yes
521,21-05-2025,E14,Docklands,Subscription,Everjoy,Everjoy,18.99,1,18.99,Morning,Yes,Yes
522,21-05-2025,IG6,Ilford-Redbridge,OneTime,,Heart-Healthy & Vitality Platter,6.65,1,6.65,Morning,Yes,Yes
523,22-05-2025,IG3,Ilford-Redbridge,Subscription,Elevate,Elevate,39.75,1,39.75,Morning,Yes,Yes
524,22-05-2025,E6,Stratford-EastHam,OneTime,,Strength & Stamina Platter,6.65,1,6.65,Morning,Yes,Yes
525,22-05-2025,IG2,Ilford-Redbridge,OneTime,,Immunity Booster Platter,6.65,1,6.65,Evening,Yes,Yes
526,22-05-2025,E8,Hackney-BethnalGreen,OneTime,,Gut Health & Digestion Friendly Platter,6.65,1,6.65,Morning,Yes,Yes
527,22-05-2025,E2,Hackney-BethnalGreen,OneTime,,Hydration & Refreshment Platter,6.65,1,6.65,Morning,Yes,Yes
528,22-05-2025,E3,Docklands,OneTime,,Immunity Booster Platter,6.65,1,6.65,Morning,Yes,Yes
529,22-05-2025,RM9,Barking-Dagenham,Subscription,Everjoy,Everjoy,18.99,1,18.99,Morning,Yes,Yes
530,22-05-2025,IG6,Ilford-Redbridge,OneTime,,Gut Health & Digestion Friendly Platter,6.65,1,6.65,Morning,No,No
531,22-05-2025,E8,Hackney-BethnalGreen,Subscription,Everjoy,Everjoy,18.99,1,18.99,Morning,Yes,Yes
532,22-05-2025,E8,Hackney-BethnalGreen,OneTime,,Heart-Healthy & Vitality Platter,6.65,1,6.65,Morning,Yes,Yes
533,22-05-2025,E13,Stratford-EastHam,OneTime,,Gut Health & Digestion Friendly Platter,6.65,1,6.65,Morning,Yes,Yes
534,22-05-2025,E12,Stratford-EastHam,Subscription,Elevate,Elevate,39.75,1,39.75,Evening,Yes,Yes
535,23-05-2025,IG4,Ilford-Redbridge,OneTime,,Heart-Healthy & Vitality Platter,6.65,1,6.65,Morning,Yes,Yes
536,23-05-2025,E7,Stratford-EastHam,Subscription,Elevate,Elevate,39.75,1,39.75,Morning,Yes,Yes
537,23-05-2025,IG4,Ilford-Redbridge,OneTime,,Glowing Skin & Healthy Hair Platter,6.65,1,6.65,Morning,Yes,Yes
538,23-05-2025,IG11,Ilford-Redbridge,OneTime,,Gut Health & Digestion Friendly Platter,6.65,1,6.65,Morning,Yes,Yes
539,23-05-2025,E2,Hackney-BethnalGreen,Subscription,Everjoy,Everjoy,18.99,1,18.99,Morning,Yes,Yes
540,23-05-2025,E3,Docklands,OneTime,,Glowing Skin & Healthy Hair Platter,6.65,1,6.65,Morning,Yes,Yes
541,23-05-2025,IG6,Ilford-Redbridge,OneTime,,Gut Health & Digestion Friendly Platter,6.65,1,6.65,Morning,Yes,Yes
542,23-05-2025,IG3,Ilford-Redbridge,OneTime,,Hydration & Refreshment Platter,6.65,1,6.65,Morning,Yes,Yes
543,23-05-2025,IG6,Ilford-Redbridge,OneTime,,Immunity Booster Platter,6.65,1,6.65,Morning,Yes,Yes
544,23-05-2025,E9,Hackney-BethnalGreen,OneTime,,Immunity Booster Platter,6.65,1,6.65,Morning,Yes,Yes
545,23-05-2025,E3,Docklands,OneTime,,Strength & Stamina Platter,6.65,1,6.65,Morning,Yes,Yes
546,24-05-2025,E16,Docklands,OneTime,,Immunity Booster Platter,6.65,1,6.65,Evening,Yes,Yes
547,24-05-2025,E10,Stratford-EastHam,OneTime,,Strength & Stamina Platter,6.65,1,6.65,Morning,Yes,Yes
548,24-05-2025,E6,Stratford-EastHam,OneTime,,Hydration & Refreshment Platter,6.65,1,6.65,Morning,Yes,Yes
549,24-05-2025,E3,Docklands,OneTime,,Immunity Booster Platter,6.65,1,6.65,Morning,Yes,Yes
550,24-05-2025,IG3,Ilford-Redbridge,OneTime,,Hydration & Refreshment Platter,6.65,1,6.65,Evening,Yes,Yes
551,24-05-2025,IG11,Ilford-Redbridge,OneTime,,Hydration & Refreshment Platter,6.65,1,6.65,Morning,Yes,Yes
552,24-05-2025,E8,Hackney-BethnalGreen,Subscription,Elevate,Elevate,39.75,1,39.75,Morning,Yes,Yes
553,25-05-2025,E1,Docklands,OneTime,,Strength & Stamina Platter,6.65,1,6.65,Morning,Yes,Yes
554,25-05-2025,IG6,Ilford-Redbridge,Subscription,Elevate,Elevate,39.75,1,39.75,Morning,No,Yes
555,25-05-2025,E16,Docklands,OneTime,,Hydration & Refreshment Platter,6.65,1,6.65,Morning,Yes,Yes
556,25-05-2025,E8,Hackney-BethnalGreen,Subscription,Essence,Essence,32.95,1,32.95,Morning,Yes,Yes
557,25-05-2025,E12,Stratford-EastHam,OneTime,,Heart-Healthy & Vitality Platter,6.65,1,6.65,Morning,Yes,Yes
558,25-05-2025,E12,Stratford-EastHam,OneTime,,Hydration & Refreshment Platter,6.65,1,6.65,Morning,Yes,Yes
559,25-05-2025,E16,Docklands,Subscription,Elevate,Elevate,39.75,1,39.75,Morning,Yes,Yes
560,25-05-2025,IG1,Ilford-Redbridge,OneTime,,Heart-Healthy & Vitality Platter,6.65,1,6.65,Morning,Yes,Yes
561,25-05-2025,IG1,Ilford-Redbridge,Subscription,Everjoy,Everjoy,18.99,1,18.99,Morning,Yes,Yes
562,25-05-2025,IG3,Ilford-Redbridge,OneTime,,Glowing Skin & Healthy Hair Platter,6.65,1,6.65,Morning,Yes,Yes
563,26-05-2025,IG6,Ilford-Redbridge,OneTime,,Gut Health & Digestion Friendly Platter,6.65,1,6.65,Evening,Yes,Yes
564,26-05-2025,E2,Hackney-BethnalGreen,OneTime,,Glowing Skin & Healthy Hair Platter,6.65,1,6.65,Evening,Yes,Yes
565,26-05-2025,E16,Docklands,OneTime,,Hydration & Refreshment Platter,6.65,1,6.65,Morning,Yes,Yes
566,26-05-2025,E10,Stratford-EastHam,OneTime,,Glowing Skin & Healthy Hair Platter,6.65,1,6.65,Morning,Yes,Yes
567,26-05-2025,E14,Docklands,OneTime,,Glowing Skin & Healthy Hair Platter,6.65,1,6.65,Morning,Yes,Yes
568,27-05-2025,IG1,Ilford-Redbridge,Subscription,Essence,Essence,32.95,1,32.95,Morning,Yes,Yes
569,27-05-2025,IG4,Ilford-Redbridge,Subscription,Elevate,Elevate,39.75,1,39.75,Morning,No,Yes
570,27-05-2025,E14,Docklands,OneTime,,Immunity Booster Platter,6.65,1,6.65,Morning,Yes,Yes
571,27-05-2025,E1,Docklands,OneTime,,Glowing Skin & Healthy Hair Platter,6.65,1,6.65,Morning,Yes,Yes
572,27-05-2025,RM9,Barking-Dagenham,Subscription,Everjoy,Everjoy,18.99,1,18.99,Morning,Yes,Yes
573,27-05-2025,IG4,Ilford-Redbridge,Subscription,Elevate,Elevate,39.75,1,39.75,Evening,Yes,Yes
574,28-05-2025,IG4,Ilford-Redbridge,OneTime,,Glowing Skin & Healthy Hair Platter,6.65,1,6.65,Morning,Yes,Yes
575,28-05-2025,IG3,Ilford-Redbridge,Subscription,Elevate,Elevate,39.75,1,39.75,Morning,Yes,Yes
576,28-05-2025,IG2,Ilford-Redbridge,OneTime,,Heart-Healthy & Vitality Platter,6.65,1,6.65,Morning,Yes,Yes
577,28-05-2025,E3,Docklands,OneTime,,Glowing Skin & Healthy Hair Platter,6.65,1,6.65,Morning,Yes,Yes
578,28-05-2025,E8,Hackney-BethnalGreen,Subscription,Essence,Essence,32.95,1,32.95,Morning,Yes,Yes
579,28-05-2025,IG3,Ilford-Redbridge,OneTime,,Heart-Healthy & Vitality Platter,6.65,1,6.65,Morning,Yes,Yes
580,28-05-2025,E16,Docklands,Subscription,Everjoy,Everjoy,18.99,1,18.99,Morning,Yes,Yes
581,29-05-2025,IG2,Ilford-Redbridge,OneTime,,Heart-Healthy & Vitality Platter,6.65,1,6.65,Morning,Yes,Yes
582,29-05-2025,IG6,Ilford-Redbridge,OneTime,,Hydration & Refreshment Platter,6.65,1,6.65,Morning,No,Yes
583,29-05-2025,E6,Stratford-EastHam,Subscription,Essence,Essence,32.95,1,32.95,Evening,Yes,Yes
584,29-05-2025,IG11,Ilford-Redbridge,OneTime,,Heart-Healthy & Vitality Platter,6.65,1,6.65,Morning,Yes,Yes
585,29-05-2025,E9,Hackney-BethnalGreen,OneTime,,Hydration & Refreshment Platter,6.65,1,6.65,Morning,Yes,Yes
586,29-05-2025,RM8,Barking-Dagenham,OneTime,,Hydration & Refreshment Platter,6.65,1,6.65,Morning,Yes,Yes
587,29-05-2025,E2,Hackney-BethnalGreen,OneTime,,Immunity Booster Platter,6.65,1,6.65,Morning,Yes,Yes
588,29-05-2025,IG1,Ilford-Redbridge,OneTime,,Heart-Healthy & Vitality Platter,6.65,1,6.65,Morning,Yes,Yes
589,29-05-2025,E13,Stratford-EastHam,OneTime,,Hydration & Refreshment Platter,6.65,1,6.65,Morning,Yes,Yes
590,30-05-2025,IG6,Ilford-Redbridge,OneTime,,Hydration & Refreshment Platter,6.65,1,6.65,Morning,Yes,Yes
591,30-05-2025,E6,Stratford-EastHam,OneTime,,Strength & Stamina Platter,6.65,1,6.65,Morning,Yes,Yes
592,30-05-2025,E14,Docklands,OneTime,,Hydration & Refreshment Platter,6.65,1,6.65,Morning,Yes,Yes
593,30-05-2025,E9,Hackney-BethnalGreen,OneTime,,Hydration & Refreshment Platter,6.65,1,6.65,Morning,Yes,Yes
594,30-05-2025,E14,Docklands,OneTime,,Immunity Booster Platter,6.65,1,6.65,Morning,Yes,Yes
595,30-05-2025,E13,Stratford-EastHam,Subscription,Elevate,Elevate,39.75,1,39.75,Morning,Yes,Yes
596,30-05-2025,E11,Stratford-EastHam,OneTime,,Glowing Skin & Healthy Hair Platter,6.65,1,6.65,Morning,No,Yes
597,31-05-2025,RM6,Barking-Dagenham,OneTime,,Gut Health & Digestion Friendly Platter,6.65,1,6.65,Morning,Yes,Yes
598,31-05-2025,E10,Stratford-EastHam,Subscription,Essence,Essence,32.95,1,32.95,Morning,No,Yes
599,31-05-2025,IG2,Ilford-Redbridge,OneTime,,Strength & Stamina Platter,6.65,1,6.65,Morning,Yes,Yes
600,31-05-2025,E7,Stratford-EastHam,OneTime,,Immunity Booster Platter,6.65,1,6.65,Morning,Yes,Yes
601,31-05-2025,E14,Docklands,OneTime,,Glowing Skin & Healthy Hair Platter,6.65,1,6.65,Morning,No,Yes
602,01-06-2025,E6,Stratford-EastHam,Subscription,Essence,Essence,32.95,1,32.95,Morning,Yes,Yes
603,01-06-2025,E11,Stratford-EastHam,OneTime,,Hydration & Refreshment Platter,6.65,1,6.65,Morning,Yes,Yes
604,01-06-2025,IG4,Ilford-Redbridge,Subscription,Elevate,Elevate,39.75,1,39.75,Morning,Yes,Yes
605,01-06-2025,IG4,Ilford-Redbridge,OneTime,,Heart-Healthy & Vitality Platter,6.65,1,6.65,Morning,Yes,Yes
606,01-06-2025,E3,Docklands,Subscription,Essence,Essence,32.95,1,32.95,Morning,No,Yes
607,01-06-2025,IG4,Ilford-Redbridge,OneTime,,Immunity Booster Platter,6.65,1,6.65,Morning,Yes,Yes
608,01-06-2025,E16,Docklands,OneTime,,Gut Health & Digestion Friendly Platter,6.65,1,6.65,Morning,Yes,Yes
609,02-06-2025,E12,Stratford-EastHam,OneTime,,Immunity Booster Platter,6.65,1,6.65,Morning,Yes,Yes
610,02-06-2025,E12,Stratford-EastHam,Subscription,Essence,Essence,32.95,1,32.95,Morning,Yes,Yes
611,02-06-2025,RM9,Barking-Dagenham,Subscription,Everjoy,Everjoy,18.99,1,18.99,Morning,Yes,Yes
612,02-06-2025,E6,Stratford-EastHam,OneTime,,Gut Health & Digestion Friendly Platter,6.65,1,6.65,Morning,Yes,Yes
613,02-06-2025,E16,Docklands,OneTime,,Glowing Skin & Healthy Hair Platter,6.65,1,6.65,Morning,Yes,Yes
614,02-06-2025,E6,Stratford-EastHam,OneTime,,Gut Health & Digestion Friendly Platter,6.65,1,6.65,Morning,Yes,Yes
615,03-06-2025,E3,Docklands,Subscription,Elevate,Elevate,39.75,1,39.75,Morning,Yes,Yes
616,03-06-2025,E12,Stratford-EastHam,OneTime,,Gut Health & Digestion Friendly Platter,6.65,1,6.65,Morning,Yes,Yes
617,03-06-2025,E16,Docklands,OneTime,,Immunity Booster Platter,6.65,1,6.65,Morning,Yes,Yes
618,03-06-2025,E13,Stratford-EastHam,OneTime,,Immunity Booster Platter,6.65,1,6.65,Morning,Yes,Yes
619,03-06-2025,E8,Hackney-BethnalGreen,OneTime,,Glowing Skin & Healthy Hair Platter,6.65,1,6.65,Morning,Yes,Yes
620,03-06-2025,IG3,Ilford-Redbridge,OneTime,,Heart-Healthy & Vitality Platter,6.65,1,6.65,Morning,Yes,Yes
621,04-06-2025,IG2,Ilford-Redbridge,Subscription,Elevate,Elevate,39.75,1,39.75,Evening,Yes,Yes
622,04-06-2025,IG2,Ilford-Redbridge,OneTime,,Strength & Stamina Platter,6.65,1,6.65,Morning,No,Yes
623,04-06-2025,E16,Docklands,Subscription,Everjoy,Everjoy,18.99,1,18.99,Evening,Yes,Yes
624,04-06-2025,IG2,Ilford-Redbridge,OneTime,,Immunity Booster Platter,6.65,1,6.65,Evening,Yes,Yes
625,04-06-2025,IG1,Ilford-Redbridge,OneTime,,Strength & Stamina Platter,6.65,1,6.65,Morning,Yes,Yes
626,05-06-2025,E7,Stratford-EastHam,Subscription,Elevate,Elevate,39.75,1,39.75,Morning,Yes,Yes
627,05-06-2025,E2,Hackney-BethnalGreen,Subscription,Elevate,Elevate,39.75,1,39.75,Morning,No,Yes
628,05-06-2025,E11,Stratford-EastHam,OneTime,,Gut Health & Digestion Friendly Platter,6.65,1,6.65,Morning,Yes,Yes
629,05-06-2025,E13,Stratford-EastHam,Subscription,Essence,Essence,32.95,1,32.95,Morning,Yes,Yes
630,05-06-2025,E6,Stratford-EastHam,OneTime,,Strength & Stamina Platter,6.65,1,6.65,Evening,Yes,Yes
631,05-06-2025,RM6,Barking-Dagenham,OneTime,,Heart-Healthy & Vitality Platter,6.65,1,6.65,Morning,Yes,Yes
632,05-06-2025,E14,Docklands,OneTime,,Immunity Booster Platter,6.65,1,6.65,Morning,No,Yes
633,06-06-2025,E10,Stratford-EastHam,OneTime,,Heart-Healthy & Vitality Platter,6.65,1,6.65,Morning,Yes,Yes
634,06-06-2025,E9,Hackney-BethnalGreen,OneTime,,Immunity Booster Platter,6.65,1,6.65,Evening,Yes,Yes
635,06-06-2025,E3,Docklands,OneTime,,Strength & Stamina Platter,6.65,1,6.65,Morning,Yes,Yes
636,06-06-2025,E9,Hackney-BethnalGreen,OneTime,,Heart-Healthy & Vitality Platter,6.65,1,6.65,Morning,Yes,Yes
637,06-06-2025,E11,Stratford-EastHam,OneTime,,Strength & Stamina Platter,6.65,1,6.65,Morning,Yes,Yes
638,06-06-2025,IG3,Ilford-Redbridge,OneTime,,Heart-Healthy & Vitality Platter,6.65,1,6.65,Morning,Yes,Yes
639,06-06-2025,IG2,Ilford-Redbridge,OneTime,,Heart-Healthy & Vitality Platter,6.65,1,6.65,Morning,Yes,Yes
640,06-06-2025,IG2,Ilford-Redbridge,Subscription,Essence,Essence,32.95,1,32.95,Evening,Yes,Yes
641,07-06-2025,E16,Docklands,OneTime,,Hydration & Refreshment Platter,6.65,1,6.65,Morning,Yes,Yes
642,07-06-2025,E12,Stratford-EastHam,Subscription,Elevate,Elevate,39.75,1,39.75,Morning,Yes,Yes
643,07-06-2025,E11,Stratford-EastHam,OneTime,,Glowing Skin & Healthy Hair Platter,6.65,1,6.65,Morning,Yes,Yes
644,07-06-2025,IG6,Ilford-Redbridge,OneTime,,Gut Health & Digestion Friendly Platter,6.65,1,6.65,Morning,No,Yes
645,07-06-2025,IG1,Ilford-Redbridge,OneTime,,Immunity Booster Platter,6.65,1,6.65,Morning,Yes,Yes
646,07-06-2025,RM9,Barking-Dagenham,OneTime,,Gut Health & Digestion Friendly Platter,6.65,1,6.65,Morning,Yes,Yes
647,07-06-2025,IG1,Ilford-Redbridge,OneTime,,Strength & Stamina Platter,6.65,1,6.65,Morning,Yes,Yes
648,07-06-2025,IG3,Ilford-Redbridge,OneTime,,Immunity Booster Platter,6.65,1,6.65,Evening,Yes,Yes
649,07-06-2025,E2,Hackney-BethnalGreen,OneTime,,Immunity Booster Platter,6.65,1,6.65,Morning,Yes,Yes
650,07-06-2025,IG2,Ilford-Redbridge,OneTime,,Strength & Stamina Platter,6.65,1,6.65,Morning,Yes,Yes
651,08-06-2025,E6,Stratford-EastHam,Subscription,Everjoy,Everjoy,18.99,1,18.99,Evening,Yes,Yes
652,08-06-2025,E11,Stratford-EastHam,OneTime,,Hydration & Refreshment Platter,6.65,1,6.65,Morning,Yes,Yes
653,08-06-2025,E13,Stratford-EastHam,OneTime,,Gut Health & Digestion Friendly Platter,6.65,1,6.65,Morning,Yes,Yes
654,08-06-2025,E3,Docklands,OneTime,,Glowing Skin & Healthy Hair Platter,6.65,1,6.65,Morning,Yes,Yes
655,08-06-2025,E12,Stratford-EastHam,OneTime,,Hydration & Refreshment Platter,6.65,1,6.65,Morning,No,Yes
656,08-06-2025,E1,Docklands,Subscription,Elevate,Elevate,39.75,1,39.75,Morning,Yes,Yes
657,08-06-2025,E10,Stratford-EastHam,Subscription,Essence,Essence,32.95,1,32.95,Morning,Yes,Yes
658,08-06-2025,IG4,Ilford-Redbridge,OneTime,,Strength & Stamina Platter,6.65,1,6.65,Morning,Yes,Yes
659,08-06-2025,IG4,Ilford-Redbridge,OneTime,,Gut Health & Digestion Friendly Platter,6.65,1,6.65,Morning,Yes,Yes
660,08-06-2025,IG3,Ilford-Redbridge,OneTime,,Strength & Stamina Platter,6.65,1,6.65,Morning,Yes,Yes
661,09-06-2025,E9,Hackney-BethnalGreen,OneTime,,Hydration & Refreshment Platter,6.65,1,6.65,Morning,Yes,Yes
662,09-06-2025,E3,Docklands,OneTime,,Glowing Skin & Healthy Hair Platter,6.65,1,6.65,Morning,Yes,Yes
663,09-06-2025,E2,Hackney-BethnalGreen,OneTime,,Immunity Booster Platter,6.65,1,6.65,Morning,Yes,Yes
664,09-06-2025,E1,Docklands,OneTime,,Heart-Healthy & Vitality Platter,6.65,1,6.65,Morning,Yes,Yes
665,09-06-2025,E13,Stratford-EastHam,OneTime,,Glowing Skin & Healthy Hair Platter,6.65,1,6.65,Morning,Yes,Yes
666,09-06-2025,IG2,Ilford-Redbridge,OneTime,,Strength & Stamina Platter,6.65,1,6.65,Morning,Yes,Yes
667,09-06-2025,IG4,Ilford-Redbridge,Subscription,Essence,Essence,32.95,1,32.95,Morning,Yes,Yes
668,09-06-2025,E3,Docklands,OneTime,,Hydration & Refreshment Platter,6.65,1,6.65,Morning,Yes,Yes
669,10-06-2025,E12,Stratford-EastHam,OneTime,,Hydration & Refreshment Platter,6.65,1,6.65,Evening,Yes,Yes
670,10-06-2025,E6,Stratford-EastHam,Subscription,Essence,Essence,32.95,1,32.95,Morning,Yes,Yes
671,10-06-2025,IG6,Ilford-Redbridge,OneTime,,Immunity Booster Platter,6.65,1,6.65,Evening,Yes,Yes
672,10-06-2025,E11,Stratford-EastHam,OneTime,,Hydration & Refreshment Platter,6.65,1,6.65,Evening,Yes,Yes
673,10-06-2025,RM8,Barking-Dagenham,Subscription,Essence,Essence,32.95,1,32.95,Morning,Yes,Yes
674,10-06-2025,IG3,Ilford-Redbridge,OneTime,,Immunity Booster Platter,6.65,1,6.65,Evening,Yes,Yes
675,10-06-2025,E13,Stratford-EastHam,Subscription,Essence,Essence,32.95,1,32.95,Morning,Yes,Yes
676,10-06-2025,IG4,Ilford-Redbridge,Subscription,Everjoy,Everjoy,18.99,1,18.99,Evening,Yes,Yes
677,11-06-2025,IG3,Ilford-Redbridge,Subscription,Everjoy,Everjoy,18.99,1,18.99,Evening,Yes,Yes
678,11-06-2025,E13,Stratford-EastHam,OneTime,,Hydration & Refreshment Platter,6.65,1,6.65,Evening,Yes,Yes
679,11-06-2025,E12,Stratford-EastHam,Subscription,Essence,Essence,32.95,1,32.95,Evening,Yes,Yes
680,11-06-2025,E12,Stratford-EastHam,OneTime,,Immunity Booster Platter,6.65,1,6.65,Morning,Yes,Yes
681,11-06-2025,E11,Stratford-EastHam,OneTime,,Hydration & Refreshment Platter,6.65,1,6.65,Evening,Yes,Yes
682,11-06-2025,IG6,Ilford-Redbridge,Subscription,Elevate,Elevate,39.75,1,39.75,Evening,Yes,Yes
683,11-06-2025,E11,Stratford-EastHam,OneTime,,Strength & Stamina Platter,6.65,1,6.65,Evening,Yes,Yes
684,11-06-2025,E16,Docklands,OneTime,,Heart-Healthy & Vitality Platter,6.65,1,6.65,Morning,Yes,Yes
685,11-06-2025,E14,Docklands,OneTime,,Strength & Stamina Platter,6.65,1,6.65,Evening,Yes,Yes
686,11-06-2025,RM9,Barking-Dagenham,Subscription,Everjoy,Everjoy,18.99,1,18.99,Evening,Yes,Yes
687,12-06-2025,E7,Stratford-EastHam,OneTime,,Immunity Booster Platter,6.65,1,6.65,Morning,Yes,Yes
688,12-06-2025,E14,Docklands,OneTime,,Gut Health & Digestion Friendly Platter,6.65,1,6.65,Evening,Yes,Yes
689,12-06-2025,RM8,Barking-Dagenham,OneTime,,Heart-Healthy & Vitality Platter,6.65,1,6.65,Morning,Yes,Yes
690,12-06-2025,E7,Stratford-EastHam,OneTime,,Heart-Healthy & Vitality Platter,6.65,1,6.65,Morning,Yes,Yes
691,12-06-2025,E11,Stratford-EastHam,OneTime,,Immunity Booster Platter,6.65,1,6.65,Morning,Yes,Yes
692,12-06-2025,E8,Hackney-BethnalGreen,Subscription,Essence,Essence,32.95,1,32.95,Evening,Yes,Yes
693,12-06-2025,RM9,Barking-Dagenham,OneTime,,Strength & Stamina Platter,6.65,1,6.65,Morning,Yes,Yes
694,12-06-2025,IG11,Ilford-Redbridge,OneTime,,Heart-Healthy & Vitality Platter,6.65,1,6.65,Morning,Yes,Yes
695,12-06-2025,E6,Stratford-EastHam,OneTime,,Heart-Healthy & Vitality Platter,6.65,1,6.65,Evening,Yes,Yes
696,12-06-2025,E14,Docklands,OneTime,,Glowing Skin & Healthy Hair Platter,6.65,1,6.65,Evening,Yes,Yes
697,12-06-2025,E6,Stratford-EastHam,OneTime,,Glowing Skin & Healthy Hair Platter,6.65,1,6.65,Evening,Yes,Yes
698,13-06-2025,E10,Stratford-EastHam,Subscription,Elevate,Elevate,39.75,1,39.75,Evening,Yes,Yes
699,13-06-2025,E7,Stratford-EastHam,OneTime,,Immunity Booster Platter,6.65,1,6.65,Morning,Yes,Yes
700,13-06-2025,E16,Docklands,OneTime,,Hydration & Refreshment Platter,6.65,1,6.65,Evening,Yes,Yes
701,13-06-2025,IG1,Ilford-Redbridge,OneTime,,Glowing Skin & Healthy Hair Platter,6.65,1,6.65,Morning,Yes,Yes
702,13-06-2025,E12,Stratford-EastHam,Subscription,Elevate,Elevate,39.75,1,39.75,Evening,Yes,Yes
703,13-06-2025,RM9,Barking-Dagenham,OneTime,,Immunity Booster Platter,6.65,1,6.65,Evening,Yes,Yes
704,13-06-2025,E16,Docklands,Subscription,Elevate,Elevate,39.75,1,39.75,Morning,Yes,Yes
705,13-06-2025,E1,Docklands,OneTime,,Heart-Healthy & Vitality Platter,6.65,1,6.65,Morning,No,Yes
706,13-06-2025,E13,Stratford-EastHam,OneTime,,Immunity Booster Platter,6.65,1,6.65,Morning,Yes,Yes
707,14-06-2025,E12,Stratford-EastHam,OneTime,,Strength & Stamina Platter,6.65,1,6.65,Evening,Yes,Yes
708,14-06-2025,IG1,Ilford-Redbridge,OneTime,,Hydration & Refreshment Platter,6.65,1,6.65,Evening,Yes,Yes
709,14-06-2025,E8,Hackney-BethnalGreen,OneTime,,Heart-Healthy & Vitality Platter,6.65,1,6.65,Morning,Yes,Yes
710,14-06-2025,RM6,Barking-Dagenham,Subscription,Everjoy,Everjoy,18.99,1,18.99,Evening,Yes,Yes
711,14-06-2025,IG11,Ilford-Redbridge,Subscription,Elevate,Elevate,39.75,1,39.75,Morning,Yes,Yes
712,14-06-2025,IG1,Ilford-Redbridge,Subscription,Essence,Essence,32.95,1,32.95,Evening,Yes,Yes
713,14-06-2025,IG1,Ilford-Redbridge,OneTime,,Heart-Healthy & Vitality Platter,6.65,1,6.65,Evening,Yes,Yes
714,14-06-2025,RM8,Barking-Dagenham,Subscription,Essence,Essence,32.95,1,32.95,Morning,Yes,Yes
715,14-06-2025,E16,Docklands,OneTime,,Heart-Healthy & Vitality Platter,6.65,1,6.65,Evening,Yes,Yes
716,14-06-2025,E13,Stratford-EastHam,OneTime,,Strength & Stamina Platter,6.65,1,6.65,Morning,Yes,Yes
717,15-06-2025,RM8,Barking-Dagenham,OneTime,,Heart-Healthy & Vitality Platter,6.65,1,6.65,Morning,Yes,Yes
718,15-06-2025,IG11,Ilford-Redbridge,OneTime,,Glowing Skin & Healthy Hair Platter,6.65,1,6.65,Morning,Yes,Yes
719,15-06-2025,E12,Stratford-EastHam,OneTime,,Strength & Stamina Platter,6.65,1,6.65,Morning,Yes,Yes
720,15-06-2025,E3,Docklands,OneTime,,Hydration & Refreshment Platter,6.65,1,6.65,Morning,Yes,Yes
721,15-06-2025,E11,Stratford-EastHam,OneTime,,Hydration & Refreshment Platter,6.65,1,6.65,Evening,Yes,Yes
722,15-06-2025,IG11,Ilford-Redbridge,Subscription,Elevate,Elevate,39.75,1,39.75,Evening,Yes,Yes
723,15-06-2025,E10,Stratford-EastHam,OneTime,,Immunity Booster Platter,6.65,1,6.65,Morning,Yes,Yes
724,15-06-2025,IG11,Ilford-Redbridge,OneTime,,Hydration & Refreshment Platter,6.65,1,6.65,Evening,Yes,Yes
725,15-06-2025,IG4,Ilford-Redbridge,Subscription,Everjoy,Everjoy,18.99,1,18.99,Morning,Yes,Yes
726,15-06-2025,E6,Stratford-EastHam,OneTime,,Gut Health & Digestion Friendly Platter,6.65,1,6.65,Evening,Yes,Yes
727,15-06-2025,E12,Stratford-EastHam,OneTime,,Hydration & Refreshment Platter,6.65,1,6.65,Morning,Yes,Yes
728,15-06-2025,E13,Stratford-EastHam,Subscription,Elevate,Elevate,39.75,1,39.75,Evening,Yes,Yes
729,16-06-2025,E16,Docklands,Subscription,Essence,Essence,32.95,1,32.95,Morning,Yes,Yes
730,16-06-2025,RM9,Barking-Dagenham,OneTime,,Immunity Booster Platter,6.65,1,6.65,Evening,Yes,Yes
731,16-06-2025,E2,Hackney-BethnalGreen,Subscription,Essence,Essence,32.95,1,32.95,Evening,Yes,Yes
732,17-06-2025,RM6,Barking-Dagenham,Subscription,Essence,Essence,32.95,1,32.95,Morning,Yes,Yes
733,17-06-2025,RM8,Barking-Dagenham,OneTime,,Strength & Stamina Platter,6.65,1,6.65,Morning,Yes,Yes
734,17-06-2025,E13,Stratford-EastHam,OneTime,,Hydration & Refreshment Platter,6.65,1,6.65,Morning,Yes,Yes
735,17-06-2025,IG6,Ilford-Redbridge,OneTime,,Hydration & Refreshment Platter,6.65,1,6.65,Morning,Yes,Yes
736,17-06-2025,E13,Stratford-EastHam,OneTime,,Gut Health & Digestion Friendly Platter,6.65,1,6.65,Evening,Yes,Yes
737,17-06-2025,IG11,Ilford-Redbridge,OneTime,,Immunity Booster Platter,6.65,1,6.65,Morning,Yes,Yes
738,17-06-2025,E1,Docklands,OneTime,,Strength & Stamina Platter,6.65,1,6.65,Evening,Yes,Yes
739,17-06-2025,IG4,Ilford-Redbridge,OneTime,,Heart-Healthy & Vitality Platter,6.65,1,6.65,Morning,Yes,Yes
740,17-06-2025,E14,Docklands,OneTime,,Glowing Skin & Healthy Hair Platter,6.65,1,6.65,Evening,Yes,Yes
741,17-06-2025,E1,Docklands,OneTime,,Immunity Booster Platter,6.65,1,6.65,Evening,Yes,Yes
742,17-06-2025,E9,Hackney-BethnalGreen,Subscription,Elevate,Elevate,39.75,1,39.75,Evening,Yes,Yes
743,18-06-2025,E3,Docklands,OneTime,,Gut Health & Digestion Friendly Platter,6.65,1,6.65,Morning,Yes,Yes
744,18-06-2025,IG11,Ilford-Redbridge,OneTime,,Gut Health & Digestion Friendly Platter,6.65,1,6.65,Evening,No,Yes
745,18-06-2025,E1,Docklands,OneTime,,Gut Health & Digestion Friendly Platter,6.65,1,6.65,Evening,Yes,Yes
746,18-06-2025,E1,Docklands,Subscription,Elevate,Elevate,39.75,1,39.75,Evening,Yes,Yes
747,18-06-2025,IG11,Ilford-Redbridge,Subscription,Elevate,Elevate,39.75,1,39.75,Evening,Yes,Yes
748,18-06-2025,E14,Docklands,OneTime,,Gut Health & Digestion Friendly Platter,6.65,1,6.65,Evening,Yes,Yes
749,19-06-2025,RM8,Barking-Dagenham,Subscription,Everjoy,Everjoy,18.99,1,18.99,Evening,Yes,Yes
750,19-06-2025,E11,Stratford-EastHam,OneTime,,Glowing Skin & Healthy Hair Platter,6.65,1,6.65,Morning,Yes,Yes
751,19-06-2025,E9,Hackney-BethnalGreen,OneTime,,Gut Health & Digestion Friendly Platter,6.65,1,6.65,Evening,Yes,Yes
752,19-06-2025,E3,Docklands,OneTime,,Heart-Healthy & Vitality Platter,6.65,1,6.65,Morning,Yes,Yes
753,19-06-2025,IG4,Ilford-Redbridge,Subscription,Elevate,Elevate,39.75,1,39.75,Morning,Yes,Yes
754,19-06-2025,E10,Stratford-EastHam,Subscription,Essence,Essence,32.95,1,32.95,Morning,Yes,Yes
755,19-06-2025,IG1,Ilford-Redbridge,OneTime,,Gut Health & Digestion Friendly Platter,6.65,1,6.65,Morning,Yes,Yes
756,20-06-2025,E9,Hackney-BethnalGreen,Subscription,Elevate,Elevate,39.75,1,39.75,Evening,Yes,Yes
757,20-06-2025,E1,Docklands,Subscription,Elevate,Elevate,39.75,1,39.75,Evening,Yes,Yes
758,20-06-2025,E11,Stratford-EastHam,Subscription,Essence,Essence,32.95,1,32.95,Evening,Yes,Yes
759,20-06-2025,E16,Docklands,OneTime,,Immunity Booster Platter,6.65,1,6.65,Evening,Yes,Yes
760,20-06-2025,E2,Hackney-BethnalGreen,Subscription,Elevate,Elevate,39.75,1,39.75,Morning,Yes,Yes
761,20-06-2025,E6,Stratford-EastHam,Subscription,Essence,Essence,32.95,1,32.95,Morning,Yes,Yes
762,20-06-2025,E14,Docklands,OneTime,,Heart-Healthy & Vitality Platter,6.65,1,6.65,Morning,Yes,Yes
763,20-06-2025,IG11,Ilford-Redbridge,OneTime,,Heart-Healthy & Vitality Platter,6.65,1,6.65,Evening,Yes,Yes
764,20-06-2025,IG11,Ilford-Redbridge,OneTime,,Heart-Healthy & Vitality Platter,6.65,1,6.65,Evening,Yes,Yes
765,20-06-2025,IG3,Ilford-Redbridge,OneTime,,Immunity Booster Platter,6.65,1,6.65,Evening,Yes,Yes
766,21-06-2025,E14,Docklands,OneTime,,Glowing Skin & Healthy Hair Platter,6.65,1,6.65,Evening,Yes,Yes
767,21-06-2025,E11,Stratford-EastHam,Subscription,Essence,Essence,32.95,1,32.95,Evening,Yes,Yes
768,21-06-2025,E11,Stratford-EastHam,Subscription,Elevate,Elevate,39.75,1,39.75,Morning,Yes,Yes
769,21-06-2025,E12,Stratford-EastHam,Subscription,Everjoy,Everjoy,18.99,1,18.99,Morning,Yes,Yes
770,21-06-2025,E8,Hackney-BethnalGreen,OneTime,,Glowing Skin & Healthy Hair Platter,6.65,1,6.65,Evening,Yes,Yes
771,21-06-2025,IG1,Ilford-Redbridge,OneTime,,Hydration & Refreshment Platter,6.65,1,6.65,Morning,Yes,Yes
772,21-06-2025,E8,Hackney-BethnalGreen,OneTime,,Glowing Skin & Healthy Hair Platter,6.65,1,6.65,Evening,Yes,Yes
773,21-06-2025,E14,Docklands,Subscription,Essence,Essence,32.95,1,32.95,Morning,Yes,Yes
774,21-06-2025,E6,Stratford-EastHam,OneTime,,Immunity Booster Platter,6.65,1,6.65,Morning,Yes,Yes
775,22-06-2025,E14,Docklands,OneTime,,Glowing Skin & Healthy Hair Platter,6.65,1,6.65,Evening,Yes,Yes
776,22-06-2025,IG3,Ilford-Redbridge,Subscription,Essence,Essence,32.95,1,32.95,Evening,Yes,Yes
777,22-06-2025,IG4,Ilford-Redbridge,Subscription,Essence,Essence,32.95,1,32.95,Evening,Yes,Yes
778,22-06-2025,IG4,Ilford-Redbridge,OneTime,,Gut Health & Digestion Friendly Platter,6.65,1,6.65,Evening,Yes,Yes
779,22-06-2025,IG3,Ilford-Redbridge,Subscription,Essence,Essence,32.95,1,32.95,Morning,Yes,Yes
780,23-06-2025,IG11,Ilford-Redbridge,Subscription,Everjoy,Everjoy,18.99,1,18.99,Evening,Yes,Yes
781,23-06-2025,E2,Hackney-BethnalGreen,OneTime,,Immunity Booster Platter,6.65,1,6.65,Morning,Yes,Yes
782,23-06-2025,IG11,Ilford-Redbridge,Subscription,Essence,Essence,32.95,1,32.95,Evening,Yes,Yes
783,23-06-2025,E1,Docklands,OneTime,,Strength & Stamina Platter,6.65,1,6.65,Evening,Yes,Yes
784,23-06-2025,E2,Hackney-BethnalGreen,OneTime,,Heart-Healthy & Vitality Platter,6.65,1,6.65,Morning,Yes,Yes
785,23-06-2025,IG1,Ilford-Redbridge,OneTime,,Gut Health & Digestion Friendly Platter,6.65,1,6.65,Evening,Yes,Yes
786,23-06-2025,E1,Docklands,OneTime,,Immunity Booster Platter,6.65,1,6.65,Evening,Yes,Yes
787,23-06-2025,IG4,Ilford-Redbridge,OneTime,,Immunity Booster Platter,6.65,1,6.65,Evening,Yes,Yes
788,24-06-2025,E7,Stratford-EastHam,Subscription,Everjoy,Everjoy,18.99,1,18.99,Evening,Yes,Yes
789,24-06-2025,IG2,Ilford-Redbridge,OneTime,,Heart-Healthy & Vitality Platter,6.65,1,6.65,Evening,Yes,Yes
790,24-06-2025,IG3,Ilford-Redbridge,OneTime,,Strength & Stamina Platter,6.65,1,6.65,Morning,No,Yes
791,24-06-2025,E9,Hackney-BethnalGreen,OneTime,,Immunity Booster Platter,6.65,1,6.65,Morning,Yes,Yes
792,25-06-2025,E6,Stratford-EastHam,OneTime,,Strength & Stamina Platter,6.65,1,6.65,Evening,Yes,Yes
793,25-06-2025,E16,Docklands,Subscription,Essence,Essence,32.95,1,32.95,Morning,Yes,Yes
794,25-06-2025,IG2,Ilford-Redbridge,OneTime,,Heart-Healthy & Vitality Platter,6.65,1,6.65,Evening,Yes,Yes
795,25-06-2025,RM8,Barking-Dagenham,OneTime,,Strength & Stamina Platter,6.65,1,6.65,Evening,Yes,Yes
796,25-06-2025,E12,Stratford-EastHam,Subscription,Everjoy,Everjoy,18.99,1,18.99,Morning,Yes,Yes
797,25-06-2025,RM8,Barking-Dagenham,OneTime,,Heart-Healthy & Vitality Platter,6.65,1,6.65,Morning,Yes,Yes
798,25-06-2025,E2,Hackney-BethnalGreen,OneTime,,Gut Health & Digestion Friendly Platter,6.65,1,6.65,Morning,Yes,Yes
799,26-06-2025,E13,Stratford-EastHam,OneTime,,Heart-Healthy & Vitality Platter,6.65,1,6.65,Evening,Yes,Yes
800,26-06-2025,E11,Stratford-EastHam,Subscription,Essence,Essence,32.95,1,32.95,Morning,Yes,Yes
801,26-06-2025,E3,Docklands,Subscription,Everjoy,Everjoy,18.99,1,18.99,Morning,Yes,Yes
802,26-06-2025,IG1,Ilford-Redbridge,OneTime,,Heart-Healthy & Vitality Platter,6.65,1,6.65,Evening,Yes,Yes
803,26-06-2025,IG4,Ilford-Redbridge,Subscription,Essence,Essence,32.95,1,32.95,Evening,No,Yes
804,26-06-2025,IG2,Ilford-Redbridge,OneTime,,Hydration & Refreshment Platter,6.65,1,6.65,Evening,Yes,Yes
805,26-06-2025,RM9,Barking-Dagenham,OneTime,,Hydration & Refreshment Platter,6.65,1,6.65,Morning,Yes,Yes
806,26-06-2025,E9,Hackney-BethnalGreen,Subscription,Everjoy,Everjoy,18.99,1,18.99,Morning,Yes,Yes
807,26-06-2025,E8,Hackney-BethnalGreen,Subscription,Elevate,Elevate,39.75,1,39.75,Evening,Yes,Yes
808,26-06-2025,E8,Hackney-BethnalGreen,Subscription,Elevate,Elevate,39.75,1,39.75,Evening,Yes,Yes
809,27-06-2025,IG2,Ilford-Redbridge,Subscription,Essence,Essence,32.95,1,32.95,Evening,Yes,Yes
810,27-06-2025,E3,Docklands,OneTime,,Glowing Skin & Healthy Hair Platter,6.65,1,6.65,Evening,Yes,Yes
811,27-06-2025,E7,Stratford-EastHam,Subscription,Elevate,Elevate,39.75,1,39.75,Morning,No,Yes
812,27-06-2025,E16,Docklands,OneTime,,Glowing Skin & Healthy Hair Platter,6.65,1,6.65,Morning,Yes,Yes
813,27-06-2025,RM6,Barking-Dagenham,OneTime,,Strength & Stamina Platter,6.65,1,6.65,Evening,Yes,Yes
814,27-06-2025,E2,Hackney-BethnalGreen,OneTime,,Strength & Stamina Platter,6.65,1,6.65,Evening,Yes,Yes
815,27-06-2025,E16,Docklands,Subscription,Essence,Essence,32.95,1,32.95,Evening,No,Yes
816,28-06-2025,E10,Stratford-EastHam,OneTime,,Heart-Healthy & Vitality Platter,6.65,1,6.65,Morning,Yes,Yes
817,28-06-2025,IG1,Ilford-Redbridge,OneTime,,Heart-Healthy & Vitality Platter,6.65,1,6.65,Morning,Yes,Yes
818,28-06-2025,E13,Stratford-EastHam,Subscription,Elevate,Elevate,39.75,1,39.75,Morning,Yes,Yes
819,28-06-2025,E6,Stratford-EastHam,Subscription,Essence,Essence,32.95,1,32.95,Evening,Yes,Yes
820,28-06-2025,IG3,Ilford-Redbridge,OneTime,,Immunity Booster Platter,6.65,1,6.65,Morning,Yes,Yes
821,28-06-2025,E11,Stratford-EastHam,OneTime,,Heart-Healthy & Vitality Platter,6.65,1,6.65,Evening,Yes,Yes
822,28-06-2025,E11,Stratford-EastHam,OneTime,,Gut Health & Digestion Friendly Platter,6.65,1,6.65,Evening,Yes,Yes
823,28-06-2025,IG1,Ilford-Redbridge,OneTime,,Strength & Stamina Platter,6.65,1,6.65,Evening,Yes,Yes
824,29-06-2025,E12,Stratford-EastHam,OneTime,,Glowing Skin & Healthy Hair Platter,6.65,1,6.65,Morning,Yes,Yes
825,29-06-2025,E12,Stratford-EastHam,OneTime,,Heart-Healthy & Vitality Platter,6.65,1,6.65,Evening,Yes,Yes
826,29-06-2025,RM9,Barking-Dagenham,Subscription,Essence,Essence,32.95,1,32.95,Evening,Yes,Yes
827,29-06-2025,E7,Stratford-EastHam,OneTime,,Heart-Healthy & Vitality Platter,6.65,1,6.65,Evening,Yes,Yes
828,29-06-2025,IG1,Ilford-Redbridge,OneTime,,Glowing Skin & Healthy Hair Platter,6.65,1,6.65,Morning,No,Yes
829,29-06-2025,IG3,Ilford-Redbridge,OneTime,,Strength & Stamina Platter,6.65,1,6.65,Morning,Yes,Yes
830,29-06-2025,RM9,Barking-Dagenham,OneTime,,Gut Health & Digestion Friendly Platter,6.65,1,6.65,Evening,Yes,Yes
831,29-06-2025,E12,Stratford-EastHam,OneTime,,Gut Health & Digestion Friendly Platter,6.65,1,6.65,Evening,Yes,Yes
832,29-06-2025,RM8,Barking-Dagenham,Subscription,Elevate,Elevate,39.75,1,39.75,Evening,Yes,Yes
833,30-06-2025,E9,Hackney-BethnalGreen,OneTime,,Glowing Skin & Healthy Hair Platter,6.65,1,6.65,Evening,Yes,Yes
834,30-06-2025,E8,Hackney-BethnalGreen,Subscription,Elevate,Elevate,39.75,1,39.75,Morning,Yes,Yes
835,30-06-2025,E8,Hackney-BethnalGreen,OneTime,,Strength & Stamina Platter,6.65,1,6.65,Morning,Yes,Yes
836,30-06-2025,E13,Stratford-EastHam,Subscription,Essence,Essence,32.95,1,32.95,Morning,Yes,Yes
837,30-06-2025,IG6,Ilford-Redbridge,OneTime,,Heart-Healthy & Vitality Platter,6.65,1,6.65,Evening,Yes,Yes
838,30-06-2025,IG3,Ilford-Redbridge,OneTime,,Strength & Stamina Platter,6.65,1,6.65,Evening,Yes,Yes
839,30-06-2025,E9,Hackney-BethnalGreen,OneTime,,Immunity Booster Platter,6.65,1,6.65,Morning,No,Yes
840,30-06-2025,IG6,Ilford-Redbridge,Subscription,Elevate,Elevate,39.75,1,39.75,Morning,Yes,Yes
841,30-06-2025,E16,Docklands,OneTime,,Immunity Booster Platter,6.65,1,6.65,Evening,Yes,Yes
842,30-06-2025,RM9,Barking-Dagenham,OneTime,,Heart-Healthy & Vitality Platter,6.65,1,6.65,Evening,Yes,Yes
843,01-07-2025,IG1,Ilford-Redbridge,OneTime,,Glowing Skin & Healthy Hair Platter,6.65,1,6.65,Morning,Yes,Yes
844,01-07-2025,E12,Stratford-EastHam,OneTime,,Heart-Healthy & Vitality Platter,6.65,1,6.65,Evening,Yes,Yes
845,01-07-2025,IG3,Ilford-Redbridge,OneTime,,Immunity Booster Platter,6.65,1,6.65,Evening,Yes,Yes
846,01-07-2025,E13,Stratford-EastHam,OneTime,,Immunity Booster Platter,6.65,1,6.65,Morning,Yes,Yes
847,01-07-2025,E14,Docklands,Subscription,Elevate,Elevate,39.75,1,39.75,Evening,Yes,Yes
848,01-07-2025,E13,Stratford-EastHam,OneTime,,Strength & Stamina Platter,6.65,1,6.65,Evening,Yes,Yes
849,01-07-2025,E10,Stratford-EastHam,OneTime,,Hydration & Refreshment Platter,6.65,1,6.65,Evening,Yes,Yes
850,01-07-2025,IG11,Ilford-Redbridge,Subscription,Essence,Essence,32.95,1,32.95,Evening,No,No
851,01-07-2025,RM8,Barking-Dagenham,OneTime,,Immunity Booster Platter,6.65,1,6.65,Evening,Yes,Yes
852,02-07-2025,RM6,Barking-Dagenham,OneTime,,Heart-Healthy & Vitality Platter,6.65,1,6.65,Evening,Yes,Yes
853,03-07-2025,E6,Stratford-EastHam,OneTime,,Glowing Skin & Healthy Hair Platter,6.65,1,6.65,Morning,Yes,Yes
854,03-07-2025,IG1,Ilford-Redbridge,OneTime,,Heart-Healthy & Vitality Platter,6.65,1,6.65,Evening,Yes,Yes
855,03-07-2025,E11,Stratford-EastHam,OneTime,,Hydration & Refreshment Platter,6.65,1,6.65,Evening,Yes,Yes
856,03-07-2025,E3,Docklands,Subscription,Essence,Essence,32.95,1,32.95,Evening,Yes,Yes
857,03-07-2025,RM9,Barking-Dagenham,OneTime,,Gut Health & Digestion Friendly Platter,6.65,1,6.65,Morning,Yes,Yes
858,03-07-2025,IG11,Ilford-Redbridge,OneTime,,Heart-Healthy & Vitality Platter,6.65,1,6.65,Evening,Yes,Yes
859,03-07-2025,E11,Stratford-EastHam,OneTime,,Glowing Skin & Healthy Hair Platter,6.65,1,6.65,Evening,Yes,Yes
860,04-07-2025,RM9,Barking-Dagenham,OneTime,,Strength & Stamina Platter,6.65,1,6.65,Morning,Yes,Yes
861,04-07-2025,IG4,Ilford-Redbridge,OneTime,,Immunity Booster Platter,6.65,1,6.65,Evening,Yes,Yes
862,04-07-2025,E6,Stratford-EastHam,OneTime,,Strength & Stamina Platter,6.65,1,6.65,Evening,Yes,Yes
863,04-07-2025,E7,Stratford-EastHam,Subscription,Essence,Essence,32.95,1,32.95,Morning,Yes,Yes
864,04-07-2025,IG4,Ilford-Redbridge,Subscription,Elevate,Elevate,39.75,1,39.75,Evening,Yes,Yes
865,04-07-2025,E9,Hackney-BethnalGreen,OneTime,,Hydration & Refreshment Platter,6.65,1,6.65,Evening,Yes,Yes
866,04-07-2025,E14,Docklands,OneTime,,Gut Health & Digestion Friendly Platter,6.65,1,6.65,Evening,Yes,Yes
867,05-07-2025,IG3,Ilford-Redbridge,OneTime,,Hydration & Refreshment Platter,6.65,1,6.65,Morning,Yes,Yes
868,05-07-2025,RM9,Barking-Dagenham,OneTime,,Gut Health & Digestion Friendly Platter,6.65,1,6.65,Evening,Yes,Yes
869,05-07-2025,E13,Stratford-EastHam,OneTime,,Glowing Skin & Healthy Hair Platter,6.65,1,6.65,Morning,Yes,Yes
870,05-07-2025,E1,Docklands,OneTime,,Gut Health & Digestion Friendly Platter,6.65,1,6.65,Morning,Yes,Yes
871,06-07-2025,E16,Docklands,OneTime,,Heart-Healthy & Vitality Platter,6.65,1,6.65,Evening,Yes,Yes
872,06-07-2025,E13,Stratford-EastHam,OneTime,,Immunity Booster Platter,6.65,1,6.65,Evening,Yes,Yes
873,06-07-2025,E1,Docklands,OneTime,,Heart-Healthy & Vitality Platter,6.65,1,6.65,Morning,Yes,Yes
874,06-07-2025,E14,Docklands,Subscription,Elevate,Elevate,39.75,1,39.75,Morning,Yes,Yes
875,06-07-2025,E13,Stratford-EastHam,OneTime,,Hydration & Refreshment Platter,6.65,1,6.65,Morning,Yes,Yes
876,06-07-2025,E7,Stratford-EastHam,Subscription,Essence,Essence,32.95,1,32.95,Morning,Yes,Yes
877,06-07-2025,E16,Docklands,OneTime,,Immunity Booster Platter,6.65,1,6.65,Morning,Yes,Yes
878,06-07-2025,E6,Stratford-EastHam,OneTime,,Strength & Stamina Platter,6.65,1,6.65,Morning,Yes,Yes
879,06-07-2025,E8,Hackney-BethnalGreen,OneTime,,Glowing Skin & Healthy Hair Platter,6.65,1,6.65,Morning,Yes,Yes
880,06-07-2025,E14,Docklands,OneTime,,Heart-Healthy & Vitality Platter,6.65,1,6.65,Evening,Yes,Yes
881,07-07-2025,E12,Stratford-EastHam,OneTime,,Glowing Skin & Healthy Hair Platter,6.65,1,6.65,Morning,Yes,Yes
882,07-07-2025,E12,Stratford-EastHam,OneTime,,Immunity Booster Platter,6.65,1,6.65,Morning,Yes,Yes
883,07-07-2025,E16,Docklands,OneTime,,Strength & Stamina Platter,6.65,1,6.65,Morning,Yes,Yes
884,07-07-2025,RM8,Barking-Dagenham,Subscription,Everjoy,Everjoy,18.99,1,18.99,Evening,Yes,Yes
885,07-07-2025,E14,Docklands,OneTime,,Glowing Skin & Healthy Hair Platter,6.65,1,6.65,Morning,Yes,Yes
886,07-07-2025,E6,Stratford-EastHam,OneTime,,Strength & Stamina Platter,6.65,1,6.65,Evening,Yes,Yes
887,07-07-2025,E14,Docklands,OneTime,,Strength & Stamina Platter,6.65,1,6.65,Morning,Yes,Yes
888,07-07-2025,E10,Stratford-EastHam,Subscription,Everjoy,Everjoy,18.99,1,18.99,Evening,Yes,Yes
889,07-07-2025,E1,Docklands,OneTime,,Gut Health & Digestion Friendly Platter,6.65,1,6.65,Morning,Yes,Yes
890,07-07-2025,RM6,Barking-Dagenham,Subscription,Essence,Essence,32.95,1,32.95,Evening,Yes,Yes
